county,school_district,full_time_teachers,lowest_salary_offered,average_salary,highest_salary_offered,step_10_salary,school
Trinity,COFFEE CREEK ELEMENTARY,1,33580,50551,50551,45301,Coffee Creek Elementary
Riverside,DESERT CENTER UNIFIED,1,41552,53669,84005,65066,Desert Center Unified
Butte,FEATHER FALLS UNION ELEMENTARY,1,33120,47961,63154,51376,Feather Falls Union Elementary
Tehama,FLOURNOY UNION ELEMENTARY,1,39708,48864,64755,50587,Flournoy Union Elementary
Marin,LINCOLN ELEMENTARY,1,38631,70159,70159,50165,Lincoln Elementary
El Dorado,SILVER FORK ELEMENTARY,1,44029,61831,71741,58886,Silver Fork Elementary
Marin,UNION JOINT ELEMENTARY,1,33965,67031,69042,48425,Union Joint Elementary
Siskiyou,GAZELLE UNION ELEMENTARY,2,37693,39693,45938,43438,Gazelle Union Elementary
Inyo,INYO COUNTY OFFICE OF ED.,2,53649,89139,90931,80674,Inyo County Office Of Ed.
Marin,LAGUNA JOINT ELEMENTARY,2,40980,57931,67408,53214,Laguna Joint Elementary
Siskiyou,LITTLE SHASTA ELEMENTARY,2,34000,44500,55000,55000,Little Shasta Elementary
Ventura,SANTA CLARA ELEMENTARY,2,45691,50641,82124,65032,Santa Clara Elementary
Kern,BELRIDGE ELEMENTARY,3,54296,68570,81137,69537,Belridge Elementary
Yuba,CAMPTONVILLE ELEMENTARY,3,42853,44316,71598,55392,Camptonville Elementary
Tulare,CITRUS SOUTH TULE ELEMENTARY,3,40586,66664,82566,59976,Citrus South Tule Elementary
Marin,NICASIO ELEMENTARY,3,50540,67282,89971,73797,Nicasio Elementary
Monterey,SAN LUCAS UNION ELEMENTARY,3,36771,47028,70904,48719,San Lucas Union Elementary
Fresno,BIG CREEK ELEMENTARY,4,37121,60892,66325,56662,Big Creek Elementary
Shasta,"IGO, ONO, PLATINA UNION ELEMENTARY",4,38975,42940,58799,47955,"Igo, Ono, Platina Union Elementary"
Imperial,MULBERRY ELEMENTARY,4,37183,47541,71948,62700,Mulberry Elementary
Tulare,OUTSIDE CREEK ELEMENTARY,4,39531,47638,68858,54226,Outside Creek Elementary
Siskiyou,MCCLOUD UNION ELEMENTARY,4.5,34000,53160,55308,46385,Mccloud Union Elementary
Inyo,DEATH VALLEY UNIFIED,4.6,36638,51603,72626,59550,Death Valley Unified
Tulare,ALLENSWORTH ELEMENTARY,5,35191,45727,65978,51547,Allensworth Elementary
Kern,CALIENTE UNION ELEMENTARY,5,24575,39362,53195,45617,Caliente Union Elementary
Stanislaus,KNIGHTS FERRY ELEMENTARY,5,36347,58761,76118,51822,Knights Ferry Elementary
Merced,PLAINSBURG UNION ELEMENTARY,5,33654,41147,62980,48532,Plainsburg Union Elementary
Madera,RAYMOND-KNOWLES UNION ELEMENTARY,5,30901,41659,60764,45848,Raymond-Knowles Union Elementary
Trinity,TRINITY COUNTY OFFICE OF ED.,5.13,41303,64602,78322,63089,Trinity County Office Of Ed.
Placer,ALTA-DUTCH FLAT UNION ELEMENTARY,5.5,41418,66338,78746,62585,Alta-Dutch Flat Union Elementary
Sonoma,HORICON ELEMENTARY,5.5,37924,56225,74235,56746,Horicon Elementary
Tulare,STONE CORRAL ELEMENTARY,5.5,36758,49804,72329,47066,Stone Corral Elementary
Butte,BANGOR UNION ELEMENTARY,6,39097,54186,67415,50750,Bangor Union Elementary
Tulare,SAUCELITO ELEMENTARY,6,34247,57144,67533,51977,Saucelito Elementary
Stanislaus,SHILOH ELEMENTARY,6,42706,53926,72764,57450,Shiloh Elementary
Nevada,TWIN RIDGES ELEMENTARY,6,42085,55031,65566,58255,Twin Ridges Elementary
Humboldt,MATTOLE UNIFIED,6.7,34292,43355,52867,48581,Mattole Unified
Siskiyou,DUNSMUIR ELEMENTARY,7,39391,55252,58637,53732,Dunsmuir Elementary
Humboldt,LOLETA UNION ELEMENTARY,7,36761,52348,70999,49825,Loleta Union Elementary
San Luis Obispo,PLEASANT VALLEY JOINT UN ELEMENTARY,7,35263,55807,82796,55721,Pleasant Valley Joint Un Elementary
Stanislaus,VALLEY HOME JOINT ELEMENTARY,7,40918,52120,74715,55969,Valley Home Joint Elementary
Tulare,THREE RIVERS UNION ELEMENTARY,7.5,35374,42401,67997,44864,Three Rivers Union Elementary
Butte,GOLDEN FEATHER UNION ELEMENTARY,7.6,38943,65711,85768,57977,Golden Feather Union Elementary
Ventura,MUPU ELEMENTARY,7.63,41791,63204,82386,72307,Mupu Elementary
Tuolumne,BELLEVIEW ELEMENTARY,7.75,38444,53899,65197,57131,Belleview Elementary
Santa Cruz,HAPPY VALLEY ELEMENTARY,7.8,33710,60976,70932,55875,Happy Valley Elementary
Santa Barbara,BALLARD ELEMENTARY,8,51574,87957,101598,87362,Ballard Elementary
Tulare,COLUMBINE ELEMENTARY,8,44174,77469,79639,68836,Columbine Elementary
Lake,LAKE COUNTY OFFICE OF ED.,8,44232,55421,64882,59374,Lake County Office Of Ed.
Merced,MERCED RIVER UNION ELEMENTARY,8,40196,60013,73805,57144,Merced River Union Elementary
Sutter,NUESTRO ELEMENTARY,8,39676,48250,53593,50109,Nuestro Elementary
Lassen,SHAFFER UNION ELEMENTARY,8,42373,66844,77541,57413,Shaffer Union Elementary
Nevada,CLEAR CREEK ELEMENTARY,8.17,46380,61040,73742,59184,Clear Creek Elementary
Siskiyou,DUNSMUIR JOINT UNION HIGH,8.25,36428,40782,53043,49605,Dunsmuir Joint Union High
Santa Cruz,BONNY DOON ELEMENTARY,8.6,38446,55275,79478,57806,Bonny Doon Elementary
Santa Barbara,BLOCHMAN UNION ELEMENTARY,9,38838,56035,76388,60354,Blochman Union Elementary
Merced,EL NIDO ELEMENTARY,9,43225,60669,69381,59330,El Nido Elementary
Kern,GENERAL SHAFTER ELEMENTARY,9,38451,57706,79212,60798,General Shafter Elementary
Stanislaus,GRATTON ELEMENTARY,9,42078,52274,74680,53349,Gratton Elementary
Kern,MIDWAY ELEMENTARY,9,40656,66450,80499,66959,Midway Elementary
Inyo,OWENS VALLEY UNIFIED,9,41681,63651,87483,68738,Owens Valley Unified
Sutter,PLEASANT GROVE JOINT UN ELEMENTARY,9,41872,56899,74970,54940,Pleasant Grove Joint Un Elementary
Lassen,RICHMOND ELEMENTARY,9,41780,49727,58460,58460,Richmond Elementary
Monterey,SAN ANTONIO UNION ELEMENTARY,9,41695,54168,71459,51436,San Antonio Union Elementary
Shasta,SHASTA UNION ELEMENTARY,9,36771,48443,60250,51325,Shasta Union Elementary
Inyo,ROUND VALLEY JOINT ELEMENTARY,9.29,34731,55866,82896,61653,Round Valley Joint Elementary
Nevada,CHICAGO PARK ELEMENTARY,9.57,39168,54160,71851,53060,Chicago Park Elementary
Alpine,ALPINE COUNTY UNIFIED,9.8,43800,61038,72543,55533,Alpine County Unified
Fresno,ALVINA ELEMENTARY,10,35360,44078,56380,42836,Alvina Elementary
Tulare,BUENA VISTA ELEMENTARY,10,41076,56496,68988,58038,Buena Vista Elementary
Tulare,DUCOR UNION ELEMENTARY,10,39868,51810,69649,55068,Ducor Union Elementary
Kern,ELK HILLS ELEMENTARY,10,42903,51936,71887,55921,Elk Hills Elementary
Tulare,HOPE ELEMENTARY,10,42185,52417,77867,59247,Hope Elementary
Lassen,WESTWOOD UNIFIED,10,38651,51923,67682,54261,Westwood Unified
Trinity,DOUGLAS CITY ELEMENTARY,10.41,35026,52394,62678,54835,Douglas City Elementary
Lassen,JOHNSTONVILLE ELEMENTARY,10.49,34577,51116,71501,53164,Johnstonville Elementary
Trinity,SOUTHERN TRINITY JOINT UNIFIED,10.5,30977,54985,64220,54547,Southern Trinity Joint Unified
Marin,BOLINAS-STINSON UNION ELEMENTARY,10.55,51163,81153,100233,76104,Bolinas-Stinson Union Elementary
Humboldt,BLUE LAKE UNION ELEMENTARY,10.6,39619,56446,65768,56655,Blue Lake Union Elementary
San Joaquin,NEW JERUSALEM ELEMENTARY,10.97,42885,58398,76417,62429,New Jerusalem Elementary
Sutter,MARCUM-ILLINOIS UNION ELEMENTARY,11,38255,46594,70601,47865,Marcum-Illinois Union Elementary
Kern,SOUTH FORK UNION ELEMENTARY,11,39484,62161,69443,56503,South Fork Union Elementary
Santa Barbara,VISTA DEL MAR UNION ELEMENTARY,11.1,44797,71997,86148,66047,Vista Del Mar Union Elementary
Mono,MONO COUNTY OFFICE OF ED.,11.41,38515,63369,82296,64207,Mono County Office Of Ed.
San Diego,JULIAN UNION HIGH,11.5,49730,85966,95333,79536,Julian Union High
Tulare,TRAVER JOINT ELEMENTARY,11.5,45171,62015,75445,59945,Traver Joint Elementary
Modoc,SURPRISE VALLEY JOINT UNIFIED,11.57,35700,45421,55749,47114,Surprise Valley Joint Unified
Shasta,BLACK BUTTE UNION ELEMENTARY,11.6,39205,58629,67890,53546,Black Butte Union Elementary
Fresno,CLAY JOINT ELEMENTARY,12,42822,65105,67754,62044,Clay Joint Elementary
Mendocino,LEGGETT VALLEY UNIFIED,12,38042,49375,63041,49375,Leggett Valley Unified
Modoc,MODOC COUNTY OFFICE OF ED.,12,35834,54588,77841,57643,Modoc County Office Of Ed.
Tulare,WAUKENA JOINT UNION ELEMENTARY,12,42000,47830,63676,51198,Waukena Joint Union Elementary
Fresno,WESTSIDE ELEMENTARY,12,34507,54674,62953,52457,Westside Elementary
Sonoma,WILMAR UNION ELEMENTARY,12,46644,60238,76385,60799,Wilmar Union Elementary
Humboldt,SCOTIA UNION ELEMENTARY,12.2,34000,58288,61236,52812,Scotia Union Elementary
Tehama,RICHFIELD ELEMENTARY,12.9,39555,57389,72132,52172,Richfield Elementary
Lassen,BIG VALLEY JOINT UNIFIED,13,32677,47433,66351,49372,Big Valley Joint Unified
Tulare,SEQUOIA UNION ELEMENTARY,13,42385,59433,71091,56484,Sequoia Union Elementary
Lassen,FORT SAGE UNIFIED,13.34,29640,47051,64215,49156,Fort Sage Unified
Ventura,SOMIS UNION ELEMENTARY,13.5,41916,63118,78014,65775,Somis Union Elementary
Nevada,NEVADA COUNTY OFFICE OF ED.,13.9,45456,64240,80980,61771,Nevada County Office Of Ed.
San Joaquin,NEW HOPE ELEMENTARY,13.9,35569,51362,71801,52381,New Hope Elementary
Lassen,JANESVILLE UNION ELEMENTARY,14,32082,69545,81520,55511,Janesville Union Elementary
Fresno,RAISIN CITY ELEMENTARY,14,39355,51363,69942,54979,Raisin City Elementary
Inyo,BIG PINE UNIFIED,14.53,37248,62696,79787,62737,Big Pine Unified
Sacramento,ELVERTA JOINT ELEMENTARY,14.71,41770,57771,75181,57817,Elverta Joint Elementary
Siskiyou,WEED UNION ELEMENTARY,14.75,41665,53172,65890,55655,Weed Union Elementary
Lake,LUCERNE ELEMENTARY,15,41720,55741,70211,59381,Lucerne Elementary
Marin,SAUSALITO-MARIN CITY ELEMENTARY,15,49727,76194,94523,77875,Sausalito-Marin City Elementary
Tulare,SPRINGVILLE UNION ELEMENTARY,15,41598,61391,77640,58890,Springville Union Elementary
San Luis Obispo,CAYUCOS ELEMENTARY,15.55,42654,66591,89570,67243,Cayucos Elementary
Kings,LAKESIDE UNION ELEMENTARY,16,39993,51198,78008,55360,Lakeside Union Elementary
Tuolumne,TWAIN HARTE-LONG BARN UN ELEMENTARY,16,50854,74281,90439,65331,Twain Harte-Long Barn Un Elementary
Santa Barbara,CUYAMA JOINT UNIFIED,16.5,42068,59353,76526,62750,Cuyama Joint Unified
San Joaquin,BANTA ELEMENTARY,16.91,45654,65954,79593,63810,Banta Elementary
Mariposa,MARIPOSA COUNTY OFFICE OF ED.,16.95,36454,58919,69787,56205,Mariposa County Office Of Ed.
Placer,FORESTHILL UNION ELEMENTARY,17.4,45293,64693,72050,59570,Foresthill Union Elementary
Tulare,SUNNYSIDE UNION ELEMENTARY,17.4,41122,58632,76839,58775,Sunnyside Union Elementary
Tulare,ROCKFORD ELEMENTARY,17.6,41869,58498,74701,63431,Rockford Elementary
Sacramento,ARCOHE UNION ELEMENTARY,17.9,40168,67400,71287,60024,Arcohe Union Elementary
Madera,ALVIEW-DAIRYLAND UNION ELEMENTARY,18,38295,56523,69402,52895,Alview-Dairyland Union Elementary
Tulare,LIBERTY ELEMENTARY,18,41315,54807,71657,56256,Liberty Elementary
Imperial,SEELEY UNION ELEMENTARY,18,45812,69740,83816,66037,Seeley Union Elementary
San Bernardino,TRONA JOINT UNIFIED,18,43274,70916,83949,67311,Trona Joint Unified
San Joaquin,OAK VIEW UNION ELEMENTARY,18.13,36792,65955,80362,59211,Oak View Union Elementary
Humboldt,FRESHWATER ELEMENTARY,18.34,37521,58912,69092,54680,Freshwater Elementary
Merced,BALLICO-CRESSEY ELEMENTARY,19,33418,52432,68540,52466,Ballico-Cressey Elementary
Sutter,FRANKLIN ELEMENTARY,19,42333,72491,83032,63914,Franklin Elementary
Merced,LE GRAND UNION ELEMENTARY,19,42293,62688,73966,61545,Le Grand Union Elementary
Tulare,MONSON-SULTANA JOINT UN ELEMENTARY,19,44133,68352,78988,59042,Monson-Sultana Joint Un Elementary
Tehama,TEHAMA COUNTY OFFICE OF ED.,19,41558,62701,79455,66536,Tehama County Office Of Ed.
Tuolumne,TUOLUMNE COUNTY OFFICE OF ED.,19,41238,55934,76632,61153,Tuolumne County Office Of Ed.
Imperial,WESTMORLAND UNION ELEMENTARY,19,43692,65358,85105,67259,Westmorland Union Elementary
Tuolumne,JAMESTOWN ELEMENTARY,19.1,38528,61953,74488,56268,Jamestown Elementary
Humboldt,RIO DELL ELEMENTARY,19.9,38474,56730,68847,54973,Rio Dell Elementary
Sonoma,GEYSERVILLE UNIFIED,19.93,42729,60326,72273,58823,Geyserville Unified
Kern,BUTTONWILLOW UNION ELEMENTARY,20,41650,54152,82117,59323,Buttonwillow Union Elementary
Placer,COLFAX ELEMENTARY,20,40871,61016,71879,55830,Colfax Elementary
El Dorado,PIONEER UNION ELEMENTARY,20,37842,61499,79219,56410,Pioneer Union Elementary
San Mateo,BAYSHORE ELEMENTARY,20.03,44751,59409,83964,67237,Bayshore Elementary
Sonoma,FORESTVILLE UNION ELEMENTARY,20.3,46695,63257,78686,60226,Forestville Union Elementary
Tulare,KINGS RIVER UNION ELEMENTARY,20.5,35870,67986,78932,60682,Kings River Union Elementary
Mendocino,POTTER VALLEY COMMUNITY UNIFIED,20.69,33000,49572,66342,49016,Potter Valley Community Unified
Siskiyou,BUTTE VALLEY UNIFIED,20.71,37274,52142,74811,50504,Butte Valley Unified
Humboldt,JACOBY CREEK ELEMENTARY,20.96,32279,62515,69875,58006,Jacoby Creek Elementary
Tulare,ALPAUGH UNIFIED,21,41661,51665,73349,56664,Alpaugh Unified
Sutter,BRITTAN ELEMENTARY,21,38959,70639,81533,58581,Brittan Elementary
Tehama,GERBER UNION ELEMENTARY,21,43967,64934,79862,59255,Gerber Union Elementary
San Luis Obispo,SHANDON JOINT UNIFIED,21,40930,59403,71150,57146,Shandon Joint Unified
Imperial,MEADOWS UNION ELEMENTARY,22,43364,73819,93303,68334,Meadows Union Elementary
Tulare,OAK VALLEY UNION ELEMENTARY,22,44584,59782,76348,64995,Oak Valley Union Elementary
Placer,NEWCASTLE ELEMENTARY,22.95,39965,62817,81267,56711,Newcastle Elementary
El Dorado,GOLD OAK UNION ELEMENTARY,23,36730,61914,74130,54519,Gold Oak Union Elementary
Trinity,MOUNTAIN VALLEY UNIFIED,23,39392,56505,71573,55181,Mountain Valley Unified
Tulare,PALO VERDE UNION ELEMENTARY,24,43230,69548,79750,64090,Palo Verde Union Elementary
Tulare,PLEASANT VIEW ELEMENTARY,24.53,42609,65411,84174,66417,Pleasant View Elementary
Tuolumne,BIG OAK FLAT-GROVELAND UNIFIED,24.54,45149,61995,74958,55740,Big Oak Flat-Groveland Unified
Sierra,SIERRA-PLUMAS JOINT UNIFIED,24.62,34346,58162,74075,52425,Sierra-Plumas Joint Unified
Mendocino,ROUND VALLEY UNIFIED,24.93,41989,55266,72992,51707,Round Valley Unified
Tuolumne,COLUMBIA UNION ELEMENTARY,25,42134,57755,68969,54625,Columbia Union Elementary
Tulare,WOODVILLE ELEMENTARY,25.41,51583,69413,87969,69826,Woodville Elementary
San Mateo,LA HONDA-PESCADERO UNIFIED,25.61,46079,66236,85147,64650,La Honda-Pescadero Unified
Calaveras,CALAVERAS COUNTY OFFICE OF ED.,25.74,44515,57876,79458,58663,Calaveras County Office Of Ed.
Mendocino,LAYTONVILLE UNIFIED,25.74,42896,53845,81304,53031,Laytonville Unified
Contra Costa,KNIGHTSEN ELEMENTARY,25.9,39211,65257,77607,66339,Knightsen Elementary
San Diego,JAMUL-DULZURA UNION ELEMENTARY,26,37611,68722,80838,56774,Jamul-Dulzura Union Elementary
Santa Barbara,SOLVANG ELEMENTARY,26.14,40656,62209,79816,59131,Solvang Elementary
Santa Clara,LOMA PRIETA JOINT ELEMENTARY,26.35,47366,68261,88788,65326,Loma Prieta Joint Elementary
Tuolumne,CURTIS CREEK ELEMENTARY,26.5,38604,63678,79672,54673,Curtis Creek Elementary
Lake,UPPER LAKE UNION ELEMENTARY,26.55,39600,57887,70351,58451,Upper Lake Union Elementary
Ventura,MESA UNION ELEMENTARY,26.83,42201,71485,80874,68266,Mesa Union Elementary
Lassen,LASSEN COUNTY OFFICE OF ED.,27,39902,56963,87935,53664,Lassen County Office Of Ed.
Tehama,LOS MOLINOS UNIFIED,27,40454,60221,74024,55997,Los Molinos Unified
Santa Clara,LUTHER BURBANK ELEMENTARY,27,48406,75127,97407,78958,Luther Burbank Elementary
Tuolumne,SOULSBYVILLE ELEMENTARY,27,40623,62365,72314,58267,Soulsbyville Elementary
Ventura,BRIGGS ELEMENTARY,27.2,42397,69524,83883,63693,Briggs Elementary
Santa Barbara,LOS OLIVOS ELEMENTARY,27.2,39000,62868,81000,65000,Los Olivos Elementary
Siskiyou,MT. SHASTA UNION ELEMENTARY,27.6,42560,61444,69302,60428,Mt. Shasta Union Elementary
Tulare,TIPTON ELEMENTARY,28,46155,67503,80508,62644,Tipton Elementary
El Dorado,CAMINO UNION ELEMENTARY,28.7,46109,65952,83390,60008,Camino Union Elementary
Humboldt,CUTTEN ELEMENTARY,28.7,42119,63594,76091,64416,Cutten Elementary
Tulare,ALTA VISTA ELEMENTARY,29,42997,66868,87620,66183,Alta Vista Elementary
Mendocino,MENDOCINO COUNTY OFFICE OF ED.,29.05,40752,62385,74155,58686,Mendocino County Office Of Ed.
Stanislaus,CHATOM UNION ELEMENTARY,29.4,37465,68943,87519,63190,Chatom Union Elementary
Colusa,COLUSA COUNTY OFFICE OF ED.,29.43,46890,67202,75454,67451,Colusa County Office Of Ed.
Calaveras,VALLECITO UNION ELEMENTARY,29.46,43509,68590,82564,57909,Vallecito Union Elementary
Fresno,WEST PARK ELEMENTARY,29.7,39411,51037,70419,45796,West Park Elementary
Sonoma,SEBASTOPOL UNION ELEMENTARY,29.75,36903,67970,73094,59306,Sebastopol Union Elementary
Placer,ACKERMAN ELEMENTARY,29.84,44361,62477,77948,59358,Ackerman Elementary
San Mateo,BRISBANE ELEMENTARY,29.9,46893,71747,91339,71749,Brisbane Elementary
San Diego,SAN PASQUAL UNION ELEMENTARY,29.9,44322,63617,88411,61062,San Pasqual Union Elementary
Kern,LOST HILLS UNION ELEMENTARY,30,40034,59265,72804,62690,Lost Hills Union Elementary
Humboldt,PACIFIC UNION ELEMENTARY,30.15,44724,60425,72981,57489,Pacific Union Elementary
Tuolumne,SONORA ELEMENTARY,30.3,42005,59354,80853,59883,Sonora Elementary
Modoc,TULELAKE BASIN JOINT UNIFIED,30.34,48492,68711,85230,69960,Tulelake Basin Joint Unified
Mendocino,POINT ARENA SCHOOL DISTRICTS,30.71,38946,55874,78339,55963,Point Arena School Districts
Marin,ROSS ELEMENTARY,31.53,53374,80466,99731,81677,Ross Elementary
Siskiyou,SISKIYOU COUNTY OFFICE OF ED.,31.7,34348,54346,64305,52921,Siskiyou County Office Of Ed.
Humboldt,SOUTH BAY UNION ELEMENTARY,31.98,39008,52525,66647,53950,South Bay Union Elementary
Kern,EL TEJON UNIFIED,32.13,37627,62539,72421,56184,El Tejon Unified
Sutter,SUTTER UNION HIGH,32.17,44167,62759,79314,62656,Sutter Union High
Butte,BIGGS UNIFIED,32.75,37485,52726,72727,50642,Biggs Unified
Shasta,GRANT ELEMENTARY,33,44777,65729,75429,61989,Grant Elementary
San Benito,NORTH COUNTY JOINT UN ELEMENTARY,33,50062,66596,85077,65384,North County Joint Un Elementary
Nevada,UNION HILL ELEMENTARY,34.23,41106,70057,78770,60222,Union Hill Elementary
Yolo,YOLO COUNTY OFFICE OF ED.,34.9,40174,58112,79279,58991,Yolo County Office Of Ed.
El Dorado,POLLOCK PINES ELEMENTARY,35,44029,65374,77532,58886,Pollock Pines Elementary
Tulare,RICHGROVE ELEMENTARY,35,44598,72251,84735,66183,Richgrove Elementary
Tulare,SUNDALE UNION ELEMENTARY,35,47209,65855,78457,65448,Sundale Union Elementary
Shasta,PACHECO UNION ELEMENTARY,35.23,40799,54647,72060,54321,Pacheco Union Elementary
Tuolumne,SUMMERVILLE UNION HIGH,35.57,43831,67611,97414,70668,Summerville Union High
Mendocino,ANDERSON VALLEY UNIFIED,35.95,39780,53897,68660,48930,Anderson Valley Unified
Mono,EASTERN SIERRA UNIFIED,36,41024,62357,82311,61097,Eastern Sierra Unified
Nevada,PENN VALLEY UNION ELEMENTARY,36.32,44382,59966,74765,57245,Penn Valley Union Elementary
Siskiyou,YREKA UNION HIGH,36.4,50140,72338,85527,68697,Yreka Union High
Placer,PLACER HILLS ELEMENTARY,36.66,36792,64649,72338,57204,Placer Hills Elementary
Santa Barbara,MONTECITO UNION ELEMENTARY,36.72,50524,104152,123320,94984,Montecito Union Elementary
San Luis Obispo,SAN MIGUEL JOINT UNION ELEMENTARY,36.79,38627,56947,77168,61090,San Miguel Joint Union Elementary
Humboldt,ARCATA ELEMENTARY,36.85,37837,58215,71750,59394,Arcata Elementary
Kern,KERNVILLE UNION ELEMENTARY,37,44387,59923,70591,59058,Kernville Union Elementary
Stanislaus,KEYES UNION ELEMENTARY,37,44501,71593,88274,68102,Keyes Union Elementary
Tulare,STRATHMORE UNION ELEMENTARY,37,42870,66215,83131,64476,Strathmore Union Elementary
Tehama,ANTELOPE ELEMENTARY,37.38,41023,63465,72926,53807,Antelope Elementary
Glenn,HAMILTON UNIFIED,37.5,37016,63495,78381,60071,Hamilton Unified
Calaveras,MARK TWAIN UNION ELEMENTARY,38,33045,61627,83272,61975,Mark Twain Union Elementary
Trinity,TRINITY ALPS UNIFIED,38.5,39602,66465,79750,60089,Trinity Alps Unified
Calaveras,BRET HARTE UNION HIGH,39,45579,85954,102113,63360,Bret Harte Union High
Shasta,COTTONWOOD UNION ELEMENTARY,39,40993,66899,76148,59015,Cottonwood Union Elementary
San Bernardino,NEEDLES UNIFIED,39,38391,69038,82731,69103,Needles Unified
Fresno,LATON JOINT UNIFIED,40,36494,55107,79623,54066,Laton Joint Unified
San Bernardino,LUCERNE VALLEY UNIFIED,40,34549,64117,79857,62089,Lucerne Valley Unified
Humboldt,SOUTHERN HUMBOLDT JT UNIFIED,40.6,41981,50942,66560,51800,Southern Humboldt Jt Unified
Lassen,LASSEN UNION HIGH,41,36074,60221,84604,55910,Lassen Union High
Merced,PLANADA ELEMENTARY,41,44313,66159,79379,63603,Planada Elementary
Siskiyou,SISKIYOU UNION HIGH,41,45623,56789,75502,57084,Siskiyou Union High
San Mateo,WOODSIDE ELEMENTARY,41.6,56655,91719,116018,80885,Woodside Elementary
Siskiyou,SCOTT VALLEY UNIFIED,42,29742,54148,66658,54027,Scott Valley Unified
Alameda,ALAMEDA COUNTY OFFICE OF ED.,42.87,58148,98977,109181,84245,Alameda County Office Of Ed.
San Diego,CARDIFF ELEMENTARY,42.91,46724,80480,96663,70609,Cardiff Elementary
Merced,MCSWAIN UNION ELEMENTARY,42.97,43619,67587,85723,64103,Mcswain Union Elementary
Monterey,WASHINGTON UNION ELEMENTARY,43,44330,65650,79324,61111,Washington Union Elementary
San Bernardino,HELENDALE ELEMENTARY,43.44,35654,63081,84863,64525,Helendale Elementary
San Luis Obispo,SAN LUIS OBISPO CO. OFFICE OF ED.,43.59,45606,68864,85528,63855,San Luis Obispo Co. Office Of Ed.
Lassen,SUSANVILLE ELEMENTARY,43.6,40424,65121,76470,54011,Susanville Elementary
Shasta,COLUMBIA ELEMENTARY,43.67,40002,62600,73136,56909,Columbia Elementary
Madera,BASS LAKE ELEMENTARY,44,38087,56879,70769,53084,Bass Lake Elementary
Mendocino,MENDOCINO UNIFIED,44.8,42500,57296,78000,56500,Mendocino Unified
Alameda,EMERY UNIFIED,45,41188,69033,88090,71430,Emery Unified
Monterey,SPRECKELS UNION ELEMENTARY,45,40631,59512,80444,57924,Spreckels Union Elementary
Sonoma,WAUGH ELEMENTARY,45.3,45123,75366,83183,65887,Waugh Elementary
Nevada,NEVADA CITY ELEMENTARY,45.38,43967,63919,76142,60097,Nevada City Elementary
Kings,ARMONA UNION ELEMENTARY,46,44691,67170,77547,63919,Armona Union Elementary
Santa Clara,ORCHARD ELEMENTARY,46,44422,67937,89818,75780,Orchard Elementary
Madera,CHOWCHILLA UNION HIGH,46.42,41136,58423,78124,57930,Chowchilla Union High
Santa Barbara,HOPE ELEMENTARY,46.9,42920,78527,94835,75286,Hope Elementary
Tulare,TERRA BELLA UNION ELEMENTARY,48,46266,67739,80614,67138,Terra Bella Union Elementary
San Luis Obispo,COAST UNIFIED,49,44952,70064,82410,67427,Coast Unified
Modoc,MODOC JOINT UNIFIED,49,37614,52670,72230,51328,Modoc Joint Unified
Sonoma,BENNETT VALLEY UNION ELEMENTARY,50.3,45369,63087,83573,60262,Bennett Valley Union Elementary
El Dorado,MOTHER LODE UNION ELEMENTARY,50.6,34608,62322,70298,51606,Mother Lode Union Elementary
Kern,RIO BRAVO-GREELEY UN ELEMENTARY,50.84,40669,62183,70827,61778,Rio Bravo-Greeley Un Elementary
Yolo,ESPARTO UNIFIED,51.02,45285,64309,84080,62060,Esparto Unified
Stanislaus,HICKMAN ELEMENTARY,51.13,46719,72685,88502,64520,Hickman Elementary
Santa Barbara,SANTA YNEZ VALLEY UNION HIGH,51.3,45212,73818,88497,69633,Santa Ynez Valley Union High
Napa,CALISTOGA JOINT UNIFIED,51.5,58157,89375,108215,87815,Calistoga Joint Unified
Siskiyou,YREKA UNION ELEMENTARY,52,41178,57634,69518,58063,Yreka Union Elementary
Kern,EDISON ELEMENTARY,53,42031,59288,76010,59552,Edison Elementary
Butte,DURHAM UNIFIED,53.29,39130,65490,79893,53871,Durham Unified
Stanislaus,HART-RANSOM UNION ELEMENTARY,53.51,44739,68673,89878,67734,Hart-Ransom Union Elementary
Tehama,EVERGREEN UNION ELEMENTARY,54.03,45484,65926,84143,67160,Evergreen Union Elementary
Humboldt,FORTUNA UNION HIGH,54.2,38427,61991,72828,58408,Fortuna Union High
Fresno,KINGSBURG JOINT UNION HIGH,54.63,46545,75201,90916,68540,Kingsburg Joint Union High
Tulare,PIXLEY UNION ELEMENTARY,56,49172,64438,82332,65785,Pixley Union Elementary
Sutter,SUTTER COUNTY OFFICE OF ED.,56.2,34849,66208,85629,61407,Sutter County Office Of Ed.
Stanislaus,DENAIR UNIFIED,56.34,32461,62672,75040,54973,Denair Unified
San Benito,AROMAS/SAN JUAN UNIFIED,56.4,42655,66116,89433,62933,Aromas/San Juan Unified
Sonoma,PINER-OLIVET UNION ELEMENTARY,56.43,46378,72353,91856,64712,Piner-Olivet Union Elementary
Imperial,SAN PASQUAL VALLEY UNIFIED,56.5,42321,66219,77591,62406,San Pasqual Valley Unified
Los Angeles,WILSONA ELEMENTARY,57,36830,67224,77563,60764,Wilsona Elementary
Tuolumne,SONORA UNION HIGH,57.11,38635,66550,83472,67418,Sonora Union High
El Dorado,EL DORADO COUNTY OFFICE OF ED.,57.2,44292,69082,90293,63779,El Dorado County Office Of Ed.
El Dorado,BLACK OAK MINE UNIFIED,57.8,38930,57977,72134,46289,Black Oak Mine Unified
Yuba,YUBA COUNTY OFFICE OF ED.,58,43974,56374,76169,59054,Yuba County Office Of Ed.
Imperial,MCCABE UNION ELEMENTARY,59,40697,66299,83578,67836,Mccabe Union Elementary
Nevada,PLEASANT RIDGE UNION ELEMENTARY,60.28,41558,73141,82566,66550,Pleasant Ridge Union Elementary
San Diego,RANCHO SANTA FE ELEMENTARY,60.69,47283,71594,95367,73729,Rancho Santa Fe Elementary
Yuba,PLUMAS ELEMENTARY,62.67,41819,54930,83271,58650,Plumas Elementary
Sonoma,TWIN HILLS UNION ELEMENTARY,62.86,40753,57614,74964,57520,Twin Hills Union Elementary
El Dorado,PLACERVILLE UNION ELEMENTARY,63.5,42629,65335,77729,57242,Placerville Union Elementary
Kings,KINGS COUNTY OFFICE OF ED.,64,40501,60745,73177,60852,Kings County Office Of Ed.
Kings,PIONEER UNION ELEMENTARY,64,40370,68298,77199,68683,Pioneer Union Elementary
Colusa,WILLIAMS UNIFIED,64.57,44979,66228,90043,64129,Williams Unified
Glenn,WILLOWS UNIFIED,64.62,56860,81211,96467,75360,Willows Unified
Yuba,WHEATLAND ELEMENTARY,65,40650,75277,86877,73661,Wheatland Elementary
Imperial,HEBER ELEMENTARY,65.65,41751,66585,85363,69458,Heber Elementary
Butte,PALERMO UNION ELEMENTARY,65.76,44307,66279,85080,61576,Palermo Union Elementary
Imperial,CALIPATRIA UNIFIED,68,41544,64378,82047,67093,Calipatria Unified
Sonoma,CLOVERDALE UNIFIED,69,42687,64400,76999,61823,Cloverdale Unified
Imperial,IMPERIAL COUNTY OFFICE OF ED.,69,40837,61101,85055,67281,Imperial County Office Of Ed.
Mono,MAMMOTH UNIFIED,69.09,44780,69821,89634,68901,Mammoth Unified
Butte,THERMALITO UNION ELEMENTARY,69.3,48383,74097,91589,67711,Thermalito Union Elementary
Colusa,PIERCE JOINT UNIFIED,70.5,46471,64860,83195,62154,Pierce Joint Unified
Los Angeles,HERMOSA BEACH CITY ELEMENTARY,72,46680,76351,88338,78343,Hermosa Beach City Elementary
Kern,TAFT UNION HIGH,72,49096,88975,108713,78284,Taft Union High
Colusa,COLUSA UNIFIED,72.9,45371,64908,84540,59165,Colusa Unified
Yolo,WINTERS JOINT UNIFIED,72.95,41341,67111,80796,57357,Winters Joint Unified
Santa Cruz,SANTA CRUZ COUNTY OFFICE OF ED.,73.58,37803,63365,78944,59019,Santa Cruz County Office Of Ed.
Imperial,BRAWLEY UNION HIGH,73.6,47866,86650,109496,82570,Brawley Union High
Fresno,SIERRA UNIFIED,73.93,38792,64739,74673,60192,Sierra Unified
Humboldt,FORTUNA ELEMENTARY,73.95,35690,57848,65633,57474,Fortuna Elementary
Sonoma,MARK WEST UNION ELEMENTARY,73.98,43920,66761,82003,63770,Mark West Union Elementary
Monterey,SOUTH MONTEREY JOINT UNION HIGH,74,33896,73648,102188,69392,South Monterey Joint Union High
Nevada,GRASS VALLEY ELEMENTARY,75.1,44868,63501,76831,61210,Grass Valley Elementary
Humboldt,KLAMATH-TRINITY JOINT UNIFIED,75.77,40119,59551,72116,59388,Klamath-Trinity Joint Unified
Shasta,FALL RIVER JOINT UNIFIED,76,38483,51757,71945,53112,Fall River Joint Unified
Lake,MIDDLETOWN UNIFIED,76.44,40286,60924,68243,56106,Middletown Unified
Fresno,CARUTHERS UNIFIED,76.86,40299,59122,73067,59027,Caruthers Unified
Sonoma,OLD ADOBE UNION ELEMENTARY,77.1,43160,69695,75402,67686,Old Adobe Union Elementary
Contra Costa,BYRON UNION ELEMENTARY,78,42899,71791,83378,72301,Byron Union Elementary
Merced,GUSTINE UNIFIED,79,40506,64952,80671,65406,Gustine Unified
Placer,PLACER COUNTY OFFICE OF ED.,79.61,39222,71416,89310,67086,Placer County Office Of Ed.
Stanislaus,WATERFORD UNIFIED,80,44334,69029,86605,66536,Waterford Unified
Fresno,RIVERDALE JOINT UNIFIED,80.12,43025,62923,76275,60981,Riverdale Joint Unified
Marin,KENTFIELD ELEMENTARY,80.3,50660,79763,90855,78107,Kentfield Elementary
Kern,BEARDSLEY ELEMENTARY,80.7,42040,58674,80631,55469,Beardsley Elementary
Kern,WASCO UNION HIGH,83,45742,66564,85435,67913,Wasco Union High
Sonoma,WRIGHT ELEMENTARY,83.77,40091,61714,77485,62670,Wright Elementary
Humboldt,HUMBOLDT COUNTY OFFICE OF ED.,84.57,40167,57170,67406,53781,Humboldt County Office Of Ed.
Lake,LAKEPORT UNIFIED,85.71,35149,58975,70831,58226,Lakeport Unified
Madera,YOSEMITE UNIFIED,86.24,41624,65483,77597,57185,Yosemite Unified
Tehama,RED BLUFF UNION HIGH,87,39181,71455,82546,63722,Red Bluff Union High
Mariposa,MARIPOSA COUNTY UNIFIED,87.75,36454,60945,69787,56205,Mariposa County Unified
Imperial,HOLTVILLE UNIFIED,88,46703,69856,87783,68889,Holtville Unified
Marin,LARKSPUR-CORTE MADERA,88.1,50670,81057,93083,75882,Larkspur-Corte Madera
San Diego,ALPINE UNION ELEMENTARY,88.76,37521,68941,83149,57697,Alpine Union Elementary
Sutter,LIVE OAK UNIFIED,89.33,42003,65672,84032,59464,Live Oak Unified
Contra Costa,JOHN SWETT UNIFIED,89.6,39170,60801,77495,58700,John Swett Unified
Marin,REED UNION ELEMENTARY,89.76,50069,81909,93392,78137,Reed Union Elementary
Merced,WINTON ELEMENTARY,90,41725,69145,85912,61270,Winton Elementary
Shasta,ANDERSON UNION HIGH,90.4,38342,65482,80372,59950,Anderson Union High
Lake,KELSEYVILLE UNIFIED,90.5,23194,58245,74741,58210,Kelseyville Unified
Kern,MUROC JOINT UNIFIED,91,34786,61799,82075,61921,Muroc Joint Unified
Sonoma,HEALDSBURG UNIFIED,91.7,43988,65585,80340,58853,Healdsburg Unified
Fresno,GOLDEN PLAINS UNIFIED,92,38705,59699,78748,59889,Golden Plains Unified
San Mateo,LAS LOMITAS ELEMENTARY,92.5,54177,94104,109004,85166,Las Lomitas Elementary
Sonoma,BELLEVUE UNION ELEMENTARY,92.55,45312,66953,89521,64279,Bellevue Union Elementary
Tulare,EARLIMART ELEMENTARY,95,48963,65225,88063,66890,Earlimart Elementary
Madera,GOLDEN VALLEY UNIFIED,97,36515,58465,69802,55145,Golden Valley Unified
Napa,ST. HELENA UNIFIED,97.2,61224,106540,126406,88311,St. Helena Unified
Riverside,NUVIEW UNION ELEMENTARY,98,48360,72074,97991,73072,Nuview Union Elementary
Santa Cruz,SOQUEL ELEMENTARY,98.45,34940,64987,80013,59747,Soquel Elementary
Kings,CENTRAL UNION ELEMENTARY,99,47395,77932,91980,74251,Central Union Elementary
Mendocino,WILLITS UNIFIED,99,37123,55051,78901,54975,Willits Unified
Contra Costa,MORAGA ELEMENTARY,100.39,48316,68567,82133,65051,Moraga Elementary
Madera,MADERA COUNTY OFFICE OF ED.,100.45,39948,64850,75456,62130,Madera County Office Of Ed.
Tehama,CORNING UNION ELEMENTARY,100.7,42837,60708,82595,55780,Corning Union Elementary
Madera,CHOWCHILLA ELEMENTARY,100.79,42219,65171,82987,64079,Chowchilla Elementary
Contra Costa,CONTRA COSTA CO OFFICE OF ED.,101.86,46227,70112,91370,69691,Contra Costa Co Office Of Ed.
San Bernardino,MOUNTAIN VIEW ELEMENTARY,102,44962,82986,88995,75224,Mountain View Elementary
Santa Cruz,LIVE OAK ELEMENTARY,102.05,43077,63242,76667,57098,Live Oak Elementary
San Joaquin,LINDEN UNIFIED,104,40761,65134,79676,62851,Linden Unified
Kern,TAFT CITY ELEMENTARY,105,40000,58434,78553,58148,Taft City Elementary
Stanislaus,SALIDA UNION ELEMENTARY,105.34,44553,76473,86429,67830,Salida Union Elementary
Stanislaus,HUGHSON UNIFIED,105.7,42983,73996,93238,65706,Hughson Unified
Inyo,BISHOP UNIFIED,106.45,38548,70744,87361,65623,Bishop Unified
Ventura,VENTURA COUNTY OFFICE OF ED.,106.75,45191,69328,82959,69408,Ventura County Office Of Ed.
San Mateo,SAN MATEO COUNTY OFFICE OF ED.,107.07,40760,85605,97420,77589,San Mateo County Office Of Ed.
Sacramento,RIVER DELTA JOINT UNIFIED,107.32,41429,53189,73787,55812,River Delta Joint Unified
San Bernardino,BEAR VALLEY UNIFIED,108,41961,70227,85016,66811,Bear Valley Unified
San Diego,MOUNTAIN EMPIRE UNIFIED,108,33345,54359,80674,52583,Mountain Empire Unified
Butte,OROVILLE UNION HIGH,108,42804,68194,84273,61825,Oroville Union High
Placer,AUBURN UNION ELEMENTARY,108.5,43424,60812,76054,61333,Auburn Union Elementary
Marin,DIXIE ELEMENTARY,108.82,51444,77668,98619,71771,Dixie Elementary
Tulare,WOODLAKE UNIFIED,108.82,43308,60702,83989,63222,Woodlake Unified
Sonoma,SONOMA COUNTY OFFICE OF ED.,108.98,42892,68835,79210,63366,Sonoma County Office Of Ed.
Glenn,ORLAND JOINT UNIFIED,109,42208,60669,78073,57315,Orland Joint Unified
Plumas,PLUMAS UNIFIED,109.27,35356,58279,79048,55766,Plumas Unified
Orange,SAVANNA ELEMENTARY,110,48002,81926,106043,86493,Savanna Elementary
Sonoma,WEST SONOMA COUNTY UNION HIGH,110.49,41889,63813,75654,59622,West Sonoma County Union High
Fresno,KINGSBURG JOINT UNION ELEMENTARY,111.34,42778,61713,85480,56516,Kingsburg Joint Union Elementary
Merced,DOS PALOS-ORO LOMA JOINT UNIFIED,112,41223,68395,84592,62451,Dos Palos-Oro Loma Joint Unified
Tehama,RED BLUFF UNION ELEMENTARY,112,41202,61159,76770,55660,Red Bluff Union Elementary
Sacramento,GALT JOINT UNION HIGH,112.4,34854,71808,91263,68846,Galt Joint Union High
Merced,LIVINGSTON UNION ELEMENTARY,112.5,49570,75774,90040,67495,Livingston Union Elementary
Stanislaus,RIVERBANK UNIFIED,113.4,43317,66669,82182,64644,Riverbank Unified
Kings,LEMOORE UNION HIGH,113.59,44734,66497,90860,63907,Lemoore Union High
San Joaquin,JEFFERSON ELEMENTARY,114.34,39720,65695,78022,63740,Jefferson Elementary
San Diego,FALLBROOK UNION HIGH,114.6,38905,74916,93722,73788,Fallbrook Union High
Placer,LOOMIS UNION ELEMENTARY,114.83,40620,65347,84995,61040,Loomis Union Elementary
Ventura,OJAI UNIFIED,114.92,38777,61028,73153,59355,Ojai Unified
Fresno,FIREBAUGH-LAS DELTAS UNIFIED,115,35625,58219,80164,59108,Firebaugh-Las Deltas Unified
Sacramento,ROBLA ELEMENTARY,115.3,43124,69252,83578,69039,Robla Elementary
Merced,HILMAR UNIFIED,115.6,45779,66520,82309,62525,Hilmar Unified
Butte,GRIDLEY UNIFIED,115.82,38263,66036,86723,60671,Gridley Unified
San Mateo,HILLSBOROUGH CITY ELEMENTARY,115.87,55860,94811,124184,93601,Hillsborough City Elementary
Monterey,PACIFIC GROVE UNIFIED,118.76,50536,88874,109894,83746,Pacific Grove Unified
Kern,FAIRFAX ELEMENTARY,119,42250,62578,89066,63014,Fairfax Elementary
Kern,MOJAVE UNIFIED,119.5,40607,67888,91966,66637,Mojave Unified
Monterey,GONZALES UNIFIED,119.67,40559,68833,96275,67316,Gonzales Unified
San Mateo,MILLBRAE ELEMENTARY,119.8,38377,69942,90651,70374,Millbrae Elementary
Mendocino,FORT BRAGG UNIFIED,120.41,40400,53037,70400,50400,Fort Bragg Unified
Fresno,FOWLER UNIFIED,120.43,44372,63425,77339,62324,Fowler Unified
San Benito,SAN BENITO HIGH,120.8,49048,72042,90989,71252,San Benito High
Los Angeles,WISEBURN UNIFIED,120.8,47739,77823,94694,78639,Wiseburn Unified
Santa Clara,SARATOGA UNION ELEMENTARY,120.84,54767,89192,106145,83726,Saratoga Union Elementary
Monterey,GREENFIELD UNION ELEMENTARY,121,41617,61814,92471,58731,Greenfield Union Elementary
Santa Barbara,SANTA BARBARA CO. OFFICE OF ED.,121.05,42488,75067,83059,71947,Santa Barbara Co. Office Of Ed.
San Diego,BONSALL UNIFIED,121.3,40019,65328,89833,64877,Bonsall Unified
Los Angeles,ROSEMEAD ELEMENTARY,122,42883,82229,94357,77800,Rosemead Elementary
Los Angeles,KEPPEL ELEMENTARY,123,39751,70652,85759,71645,Keppel Elementary
Butte,BUTTE COUNTY OFFICE OF ED.,123.35,36243,61169,73015,55315,Butte County Office Of Ed.
San Bernardino,CUCAMONGA ELEMENTARY,125.5,46222,77098,92375,73000,Cucamonga Elementary
Ventura,OCEAN VIEW ELEMENTARY,126,46378,70357,90671,71774,Ocean View Elementary
San Joaquin,ESCALON UNIFIED,126.74,40545,68198,84355,62269,Escalon Unified
San Mateo,SAN BRUNO PARK ELEMENTARY,127.55,39338,65425,79200,68597,San Bruno Park Elementary
Riverside,PALO VERDE UNIFIED,128,46966,72198,94852,73544,Palo Verde Unified
Sonoma,ROSELAND ELEMENTARY,129.01,45584,59351,80140,64413,Roseland Elementary
San Luis Obispo,TEMPLETON UNIFIED,129.3,37740,63812,77640,61724,Templeton Unified
Los Angeles,LOWELL JOINT ELEMENTARY,129.4,41960,81702,94615,80921,Lowell Joint Elementary
Butte,OROVILLE CITY ELEMENTARY,130.06,44029,73509,85873,71089,Oroville City Elementary
Tulare,FARMERSVILLE UNIFIED,131,43559,67536,79181,65568,Farmersville Unified
Santa Clara,MT. PLEASANT ELEMENTARY,131,50570,67406,97937,69977,Mt. Pleasant Elementary
Los Angeles,SOUTH WHITTIER ELEMENTARY,132,42454,74117,84350,66858,South Whittier Elementary
Tulare,EXETER UNIFIED,132.25,44684,66293,80285,63241,Exeter Unified
Stanislaus,EMPIRE UNION ELEMENTARY,132.73,43347,71291,88533,68887,Empire Union Elementary
Fresno,FRESNO COUNTY OFFICE OF ED.,133.2,43080,67198,75464,61101,Fresno County Office Of Ed.
Sacramento,SACRAMENTO COUNTY OFFICE OF ED.,133.63,48070,74837,84286,69283,Sacramento County Office Of Ed.
Marin,ROSS VALLEY ELEMENTARY,134.87,50393,69728,88050,72536,Ross Valley Elementary
Santa Cruz,SAN LORENZO VALLEY UNIFIED,135.1,35675,65676,84132,61120,San Lorenzo Valley Unified
Monterey,MONTEREY COUNTY OFFICE OF ED.,135.9,45210,72639,86206,69389,Monterey County Office Of Ed.
Merced,DELHI UNIFIED,136,48753,72049,92895,66398,Delhi Unified
Monterey,SANTA RITA UNION ELEMENTARY,136,38234,67311,82860,66361,Santa Rita Union Elementary
Merced,MERCED COUNTY OFFICE OF ED.,136.21,41109,62404,81392,62302,Merced County Office Of Ed.
Stanislaus,NEWMAN-CROWS LANDING UNIFIED,136.4,45863,69078,87336,69512,Newman-Crows Landing Unified
Shasta,GATEWAY UNIFIED,136.63,33486,59860,74270,56402,Gateway Unified
Contra Costa,ORINDA UNION ELEMENTARY,136.65,32635,70483,86349,65568,Orinda Union Elementary
Kings,REEF-SUNSET UNIFIED,137,41715,63206,81748,61816,Reef-Sunset Unified
Kern,LAMONT ELEMENTARY,138,44462,65721,80298,67252,Lamont Elementary
Fresno,MENDOTA UNIFIED,138,41076,60776,73789,64660,Mendota Unified
Kern,STANDARD ELEMENTARY,138,43796,68067,82324,64250,Standard Elementary
Los Angeles,CASTAIC UNION ELEMENTARY,138.11,39352,71565,78313,63776,Castaic Union Elementary
San Joaquin,RIPON UNIFIED,138.64,42585,67994,83119,61525,Ripon Unified
Stanislaus,STANISLAUS COUNTY OFFICE OF ED.,139.31,39623,74325,96023,68644,Stanislaus County Office Of Ed.
Monterey,KING CITY UNION ELEMENTARY,142.2,36389,62323,85988,61104,King City Union Elementary
Merced,WEAVER UNION ELEMENTARY,144.5,53635,76330,91862,71823,Weaver Union Elementary
San Bernardino,SILVER VALLEY UNIFIED,145,44344,64917,91680,67560,Silver Valley Unified
Calaveras,CALAVERAS UNIFIED,145.45,41100,65865,82199,57081,Calaveras Unified
San Mateo,RAVENSWOOD CITY ELEMENTARY,146,45432,65591,84878,66801,Ravenswood City Elementary
Kings,LEMOORE UNION ELEMENTARY,147,41090,65257,90979,62587,Lemoore Union Elementary
Nevada,NEVADA JOINT UNION HIGH,147.6,43650,67184,82693,64739,Nevada Joint Union High
Orange,LAGUNA BEACH UNIFIED,147.98,52329,96878,117968,88066,Laguna Beach Unified
Riverside,ROMOLAND ELEMENTARY,148,46687,79667,95726,79975,Romoland Elementary
Stanislaus,STANISLAUS UNION ELEMENTARY,148.5,47770,72212,86946,73006,Stanislaus Union Elementary
San Mateo,PACIFICA SCHOOL DISTRICT,148.72,37944,61513,77963,60346,Pacifica School District
Kern,ARVIN UNION ELEMENTARY,151,44352,69546,81942,67390,Arvin Union Elementary
Fresno,WASHINGTON UNIFIED,152,42468,59970,79979,60961,Washington Unified
Kern,FRUITVALE ELEMENTARY,152.59,40000,68247,82240,65719,Fruitvale Elementary
Santa Clara,CAMBRIAN ELEMENTARY,152.6,55159,80119,96660,77310,Cambrian Elementary
Placer,EUREKA UNION ELEMENTARY,153.36,41183,75015,84282,65935,Eureka Union Elementary
Lake,KONOCTI UNIFIED,155,41714,55613,74347,59303,Konocti Unified
Kings,HANFORD JOINT UNION HIGH,155.5,44391,70463,88368,67605,Hanford Joint Union High
Los Angeles,EASTSIDE ELEMENTARY,156,41955,70446,90657,67095,Eastside Elementary
Shasta,REDDING ELEMENTARY,156,43053,62346,79105,61563,Redding Elementary
Los Angeles,EL SEGUNDO UNIFIED,156.15,41404,75767,91626,73105,El Segundo Unified
San Joaquin,LAMMERSVILLE JOINT UNIFIED,157,42004,56741,81401,61913,Lammersville Joint Unified
San Mateo,SAN CARLOS ELEMENTARY,158.9,48171,76469,91462,71191,San Carlos Elementary
Santa Clara,LOS GATOS UNION ELEMENTARY,159.2,53191,85798,101892,80946,Los Gatos Union Elementary
Kern,WASCO UNION ELEMENTARY,159.5,42948,63780,77507,63399,Wasco Union Elementary
San Mateo,CABRILLO UNIFIED,161.3,46822,67851,85671,68163,Cabrillo Unified
Kern,SOUTHERN KERN UNIFIED,163,40905,64157,82038,65806,Southern Kern Unified
Imperial,BRAWLEY ELEMENTARY,164,46662,81787,109188,78158,Brawley Elementary
Kings,CORCORAN JOINT UNIFIED,165,47439,65618,88255,66390,Corcoran Joint Unified
San Diego,CORONADO UNIFIED,166,40000,67131,89600,67100,Coronado Unified
Monterey,CARMEL UNIFIED,168.7,56826,98620,116708,88905,Carmel Unified
Fresno,PARLIER UNIFIED,169,35247,57024,71520,57622,Parlier Unified
Amador,AMADOR COUNTY UNIFIED,169.01,41893,64807,79531,60376,Amador County Unified
El Dorado,RESCUE UNION ELEMENTARY,169.33,47408,73286,88497,67782,Rescue Union Elementary
San Bernardino,RIM OF THE WORLD UNIFIED,170.1,40543,68258,84524,65158,Rim Of The World Unified
Los Angeles,SAN MARINO UNIFIED,171.27,48837,78057,97027,69937,San Marino Unified
San Diego,LEMON GROVE ELEMENTARY,171.4,42392,72128,92504,67500,Lemon Grove Elementary
Orange,CYPRESS ELEMENTARY,173.18,46010,81725,99721,74833,Cypress Elementary
Contra Costa,LAFAYETTE ELEMENTARY,173.57,45184,71828,88183,66357,Lafayette Elementary
Santa Clara,LOS GATOS-SARATOGA JOINT UN HIGH,174.59,62442,102240,123839,95642,Los Gatos-Saratoga Joint Un High
Solano,DIXON UNIFIED,174.69,38903,65325,79285,59262,Dixon Unified
Los Angeles,DUARTE UNIFIED,174.8,46759,71644,91330,67616,Duarte Unified
Alameda,PIEDMONT CITY UNIFIED,174.95,45995,75836,91481,69250,Piedmont City Unified
Imperial,IMPERIAL UNIFIED,175,50393,79628,95174,81039,Imperial Unified
Ventura,FILLMORE UNIFIED,176.4,40582,67525,86404,65172,Fillmore Unified
Contra Costa,WALNUT CREEK ELEMENTARY,177.28,46595,75458,88326,69148,Walnut Creek Elementary
San Mateo,BURLINGAME ELEMENTARY,178.29,44517,71605,88644,74159,Burlingame Elementary
Marin,MILL VALLEY ELEMENTARY,180.36,52475,81111,95610,79788,Mill Valley Elementary
Los Angeles,BASSETT UNIFIED,183,42576,77455,85391,70034,Bassett Unified
San Mateo,MENLO PARK CITY ELEMENTARY,183.24,58207,100890,115437,94237,Menlo Park City Elementary
Kern,MCFARLAND UNIFIED,185,43717,64427,81905,64334,Mcfarland Unified
Kern,RICHLAND UNION ELEMENTARY,186,43166,67857,88349,69388,Richland Union Elementary
Shasta,ENTERPRISE ELEMENTARY,186.15,37607,63281,77744,62929,Enterprise Elementary
Placer,PLACER UNION HIGH,186.45,39791,68116,84887,61696,Placer Union High
Santa Barbara,ORCUTT UNION ELEMENTARY,188.8,41896,75999,88250,66665,Orcutt Union Elementary
Humboldt,EUREKA CITY UNIFIED,189.62,38650,62499,77102,54487,Eureka City Unified
Ventura,OAK PARK UNIFIED,191.47,45706,77089,99837,72281,Oak Park Unified
San Mateo,BELMONT-REDWOOD SHORES ELEMENTARY,194.72,50745,76147,96617,74804,Belmont-Redwood Shores Elementary
Sacramento,GALT JOINT UNION ELEMENTARY,195.3,40749,72669,84274,65241,Galt Joint Union Elementary
Kern,DELANO JOINT UNION HIGH,196,35372,63052,90535,62255,Delano Joint Union High
Tulare,LINDSAY UNIFIED,197.33,46013,66595,92073,65576,Lindsay Unified
Tulare,BURTON ELEMENTARY,198.09,46817,63685,87870,65213,Burton Elementary
Butte,PARADISE UNIFIED,198.72,35370,60890,79000,53200,Paradise Unified
Sacramento,CENTER JOINT UNIFIED,201.3,38236,72010,80532,63000,Center Joint Unified
San Diego,SOLANA BEACH ELEMENTARY,201.89,48104,80052,104168,77121,Solana Beach Elementary
Kern,TEHACHAPI UNIFIED,202.3,34954,63164,70546,62172,Tehachapi Unified
El Dorado,LAKE TAHOE UNIFIED,202.8,44098,70298,93919,67393,Lake Tahoe Unified
Sonoma,RINCON VALLEY UNION ELEMENTARY,203.3,46656,64433,81183,63920,Rincon Valley Union Elementary
Los Angeles,LA CANADA UNIFIED,204,47429,75116,90720,74432,La Canada Unified
Imperial,CENTRAL UNION HIGH,204.4,45288,77415,104276,76388,Central Union High
Orange,CENTRALIA ELEMENTARY,205.6,44019,85282,103834,83088,Centralia Elementary
Los Angeles,LITTLE LAKE CITY ELEMENTARY,206.1,46104,72851,92881,72119,Little Lake City Elementary
San Bernardino,CENTRAL ELEMENTARY,206.24,39262,74253,88890,69388,Central Elementary
Tulare,CUTLER-OROSI JOINT UNIFIED,206.93,43884,65829,83901,64166,Cutler-Orosi Joint Unified
Shasta,SHASTA UNION HIGH,207.8,42336,69606,86983,65290,Shasta Union High
Tulare,TULARE COUNTY OFFICE OF ED.,207.82,50028,79249,95172,82469,Tulare County Office Of Ed.
Merced,ATWATER ELEMENTARY,208.29,40588,73803,84440,69521,Atwater Elementary
San Diego,VALLEY CENTER-PAUMA UNIFIED,208.4,41057,77735,92171,77187,Valley Center-Pauma Unified
Del Norte,DEL NORTE COUNTY UNIFIED,210.9,41602,62872,77384,63093,Del Norte County Unified
Contra Costa,MARTINEZ UNIFIED,211.82,40094,68298,84254,65077,Martinez Unified
Ventura,RIO ELEMENTARY,212.6,40844,68648,89142,67909,Rio Elementary
Fresno,COALINGA/HURON UNIFIED,213.71,40088,66638,78646,69205,Coalinga/Huron Unified
Santa Barbara,GOLETA UNION ELEMENTARY,215.2,47678,80931,97735,83179,Goleta Union Elementary
Monterey,SOLEDAD UNIFIED,216,44604,65900,96075,66158,Soledad Unified
Contra Costa,OAKLEY UNION ELEMENTARY,216.3,43156,70752,87930,69153,Oakley Union Elementary
Orange,LA HABRA CITY ELEMENTARY,217.15,45267,84568,100776,76305,La Habra City Elementary
El Dorado,BUCKEYE UNION ELEMENTARY,218.24,43030,69931,87107,64995,Buckeye Union Elementary
Monterey,NORTH MONTEREY COUNTY UNIFIED,219.36,42434,66254,88995,64580,North Monterey County Unified
Los Angeles,SOUTH PASADENA UNIFIED,221.13,42101,77330,95733,75793,South Pasadena Unified
Sonoma,SONOMA VALLEY UNIFIED,222.51,38562,62225,75635,60496,Sonoma Valley Unified
Fresno,KERMAN UNIFIED,223.31,41243,64034,78333,64078,Kerman Unified
Santa Clara,MOUNTAIN VIEW-LOS ALTOS UN HIGH,224.88,71293,113792,134716,113445,Mountain View-Los Altos Un High
Imperial,EL CENTRO ELEMENTARY,225.4,44071,78614,93367,74266,El Centro Elementary
Los Angeles,CHARTER OAK UNIFIED,225.6,40639,79525,89969,74166,Charter Oak Unified
Tulare,TULARE JOINT UNION HIGH,225.64,48124,71694,89659,67231,Tulare Joint Union High
San Diego,SAN YSIDRO ELEMENTARY,226.85,43961,72836,86942,65814,San Ysidro Elementary
Orange,BUENA PARK ELEMENTARY,228.17,46780,86411,102501,82182,Buena Park Elementary
San Diego,SAN DIEGO COUNTY OFFICE OF ED.,229,43774,85461,103647,75736,San Diego County Office Of Ed.
Alameda,ALBANY CITY UNIFIED,230.07,45825,69286,89964,66741,Albany City Unified
Santa Clara,MORELAND ELEMENTARY,230.45,51592,73292,96344,72548,Moreland Elementary
Orange,BREA-OLINDA UNIFIED,231.08,40244,75618,96218,74901,Brea-Olinda Unified
San Bernardino,BARSTOW UNIFIED,232,39034,64304,82269,59952,Barstow Unified
Kern,KERN COUNTY OFFICE OF ED.,234.5,43879,63183,79544,59403,Kern County Office Of Ed.
Riverside,BANNING UNIFIED,235,43731,67204,88938,68954,Banning Unified
San Luis Obispo,ATASCADERO UNIFIED,235.86,41966,64846,78977,58216,Atascadero Unified
San Diego,RAMONA CITY UNIFIED,241.52,39954,69778,86716,68496,Ramona City Unified
Los Angeles,GARVEY ELEMENTARY,241.73,45710,78680,90326,74446,Garvey Elementary
Kern,SIERRA SANDS UNIFIED,242.89,36718,61647,80940,59866,Sierra Sands Unified
San Bernardino,ALTA LOMA ELEMENTARY,244,37961,72284,87804,68141,Alta Loma Elementary
Stanislaus,OAKDALE UNIFIED,244.67,42241,70765,87486,67867,Oakdale Unified
Santa Clara,MOUNTAIN VIEW-WHISMAN ELEMENTARY,245.9,50199,71105,92629,74067,Mountain View-Whisman Elementary
San Mateo,JEFFERSON UNION HIGH,247,45643,65619,80447,63298,Jefferson Union High
Solano,BENICIA UNIFIED,248.25,40765,72453,83918,65916,Benicia Unified
Los Angeles,BEVERLY HILLS UNIFIED,248.4,49550,81020,94670,78300,Beverly Hills Unified
Placer,TAHOE-TRUCKEE UNIFIED,249.37,48980,75263,96645,67900,Tahoe-Truckee Unified
San Joaquin,SAN JOAQUIN COUNTY OFFICE OF ED.,253,43294,60774,84151,64204,San Joaquin County Office Of Ed.
San Diego,LAKESIDE UNION ELEMENTARY,253.67,46470,71907,103608,69145,Lakeside Union Elementary
San Bernardino,SAN BERNARDINO CO. OFFICE OF ED.,254.95,43367,83572,92627,77967,San Bernardino Co. Office Of Ed.
Los Angeles,TEMPLE CITY UNIFIED,255.3,41229,77825,92801,75719,Temple City Unified
Marin,TAMALPAIS UNION HIGH,255.8,56013,95147,106865,87365,Tamalpais Union High
Santa Clara,LOS ALTOS ELEMENTARY,257.55,49321,78615,95446,76171,Los Altos Elementary
Riverside,PERRIS ELEMENTARY,259.38,44128,78425,95495,79208,Perris Elementary
Santa Clara,UNION ELEMENTARY,259.74,44417,72791,90789,71773,Union Elementary
Los Angeles,WHITTIER CITY ELEMENTARY,261.2,37840,74255,89456,70193,Whittier City Elementary
Stanislaus,PATTERSON JOINT UNIFIED,262,42156,62386,86819,66185,Patterson Joint Unified
Kern,ROSEDALE UNION ELEMENTARY,262,42261,66726,84997,61458,Rosedale Union Elementary
Orange,FOUNTAIN VALLEY ELEMENTARY,263.4,42584,76981,97160,79520,Fountain Valley Elementary
Solano,TRAVIS UNIFIED,263.43,37248,67562,76927,69397,Travis Unified
Los Angeles,SULPHUR SPRINGS UNION ELEMENTARY,264.35,42981,72910,88426,66876,Sulphur Springs Union Elementary
San Diego,FALLBROOK UNION ELEMENTARY,267.3,44751,73251,93242,69947,Fallbrook Union Elementary
San Diego,ENCINITAS UNION ELEMENTARY,268,41887,76404,102390,69036,Encinitas Union Elementary
Los Angeles,MONROVIA UNIFIED,269.57,49055,75316,92206,73851,Monrovia Unified
San Diego,DEL MAR UNION ELEMENTARY,270.9,42685,78068,94594,77093,Del Mar Union Elementary
Contra Costa,ACALANES UNION HIGH,271.3,42224,83506,94793,74048,Acalanes Union High
Los Angeles,LENNOX ELEMENTARY,273.4,50148,83901,95699,82161,Lennox Elementary
Kings,HANFORD ELEMENTARY,278,41723,65717,86804,68603,Hanford Elementary
San Benito,HOLLISTER ELEMENTARY,280,45842,70314,91597,65675,Hollister Elementary
San Diego,SANTEE ELEMENTARY,283.29,41465,76351,94797,68182,Santee Elementary
Sonoma,COTATI-ROHNERT PARK UNIFIED,283.75,37112,59289,74416,56949,Cotati-Rohnert Park Unified
Los Angeles,LAWNDALE ELEMENTARY,284.1,51420,80600,95149,81069,Lawndale Elementary
San Diego,NATIONAL ELEMENTARY,286,45498,68507,86659,64520,National Elementary
Ventura,SANTA PAULA UNIFIED,290.4,45462,68935,85417,67319,Santa Paula Unified
Orange,HUNTINGTON BEACH CITY ELEMENTARY,291.2,43038,81238,98852,81044,Huntington Beach City Elementary
Orange,MAGNOLIA ELEMENTARY,304.77,45294,84754,102823,79887,Magnolia Elementary
Ventura,MOORPARK UNIFIED,305.4,35656,70024,85691,65130,Moorpark Unified
El Dorado,EL DORADO UNION HIGH,305.53,45667,76036,95140,65576,El Dorado Union High
Placer,WESTERN PLACER UNIFIED,306.98,36075,72758,88889,67596,Western Placer Unified
Los Angeles,CLAREMONT UNIFIED,308.9,46835,73435,95053,69118,Claremont Unified
Santa Clara,SANTA CLARA COUNTY OFFICE OF ED.,310.7,48455,82145,93077,75343,Santa Clara County Office Of Ed.
Los Angeles,CENTINELA VALLEY HIGH,313,43523,71245,88688,72207,Centinela Valley High
Los Angeles,MOUNTAIN VIEW ELEMENTARY,314.5,48906,93471,100874,84359,Mountain View Elementary
Ventura,PLEASANT VALLEY SCHOOL DISTRICT,315.32,45248,69569,97470,71587,Pleasant Valley School District
Tulare,DINUBA UNIFIED,316.35,43647,68132,84917,63503,Dinuba Unified
Mendocino,UKIAH UNIFIED,316.38,42036,62327,81577,59497,Ukiah Unified
Placer,DRY CREEK JOINT ELEMENTARY,318.91,38454,74420,89782,67110,Dry Creek Joint Elementary
San Bernardino,ADELANTO ELEMENTARY,320,42537,67984,100911,67545,Adelanto Elementary
San Luis Obispo,PASO ROBLES JOINT UNIFIED,321.55,41862,66582,79003,61463,Paso Robles Joint Unified
San Mateo,JEFFERSON ELEMENTARY,322.75,48278,67020,85872,65867,Jefferson Elementary
Orange,ORANGE COUNTY OFFICE OF ED.,323.29,40296,91463,104450,79373,Orange County Office Of Ed.
Los Angeles,CULVER CITY UNIFIED,328.8,45485,71491,88436,71418,Culver City Unified
Los Angeles,MANHATTAN BEACH UNIFIED,329.48,49883,79005,93887,76340,Manhattan Beach Unified
Los Angeles,NEWHALL ELEMENTARY,335.4,46505,70870,90281,67330,Newhall Elementary
Santa Clara,SUNNYVALE ELEMENTARY,339,53006,74663,99567,76788,Sunnyvale Elementary
Alameda,NEWARK UNIFIED,348.5,57368,80865,99514,79613,Newark Unified
San Diego,ESCONDIDO UNION HIGH,348.8,44193,69613,92719,65213,Escondido Union High
Santa Clara,CAMPBELL UNION HIGH,352,44000,72465,93392,73959,Campbell Union High
Riverside,BEAUMONT UNIFIED,355,45518,69861,94136,68991,Beaumont Unified
Contra Costa,LIBERTY UNION HIGH,357.48,46269,70972,89150,70642,Liberty Union High
Los Angeles,GLENDORA UNIFIED,357.6,42096,80179,90234,77271,Glendora Unified
Ventura,HUENEME ELEMENTARY,362.7,46262,83746,99803,83685,Hueneme Elementary
Los Angeles,WESTSIDE UNION ELEMENTARY,365.12,41072,77346,96760,74753,Westside Union Elementary
Riverside,PERRIS UNION HIGH,366,47636,77543,94797,76139,Perris Union High
Monterey,ALISAL UNION ELEMENTARY,369,40042,65397,89719,65108,Alisal Union Elementary
Kern,DELANO UNION ELEMENTARY,371,45175,67184,89262,66355,Delano Union Elementary
Santa Barbara,SANTA MARIA JOINT UNION HIGH,377.2,44371,78464,96363,80484,Santa Maria Joint Union High
Santa Clara,BERRYESSA UNION ELEMENTARY,377.3,51000,73023,94735,74677,Berryessa Union Elementary
Los Angeles,EAST WHITTIER CITY ELEMENTARY,378.7,46143,80383,95113,73574,East Whittier City Elementary
San Bernardino,VICTOR VALLEY UNION HIGH,379.36,42628,71593,88242,71105,Victor Valley Union High
San Bernardino,SNOWLINE JOINT UNIFIED,380.54,41284,70944,88313,73553,Snowline Joint Unified
Monterey,SALINAS CITY ELEMENTARY,386.47,42347,66720,84530,66624,Salinas City Elementary
Marin,NOVATO UNIFIED,387.4,41697,66698,86592,63219,Novato Unified
Imperial,CALEXICO UNIFIED,395,38248,71352,84256,66360,Calexico Unified
Merced,LOS BANOS UNIFIED,395,43958,72933,92685,68805,Los Banos Unified
Los Angeles,EL RANCHO UNIFIED,397.16,43509,71564,83892,65953,El Rancho Unified
San Diego,SOUTH BAY UNION ELEMENTARY,398.1,41307,75500,86579,68615,South Bay Union Elementary
Yolo,WASHINGTON UNIFIED,400,36750,63198,83636,62093,Washington Unified
Riverside,SAN JACINTO UNIFIED,401.14,47064,75917,95592,73327,San Jacinto Unified
Santa Clara,MORGAN HILL UNIFIED,401.4,47967,69092,89851,71004,Morgan Hill Unified
Los Angeles,ARCADIA UNIFIED,402.46,55097,90034,109246,84339,Arcadia Unified
Santa Clara,CAMPBELL UNION ELEMENTARY,405.55,51278,74377,91930,76765,Campbell Union Elementary
Kern,GREENFIELD UNION ELEMENTARY,406,44703,68583,85846,64746,Greenfield Union Elementary
Orange,LOS ALAMITOS UNIFIED,408.94,49903,89667,110437,86572,Los Alamitos Unified
San Bernardino,YUCAIPA-CALIMESA JOINT UNIFIED,408.98,43206,74751,92698,72611,Yucaipa-Calimesa Joint Unified
Los Angeles,EL MONTE UNION HIGH,409,48118,77208,95027,73712,El Monte Union High
Sacramento,NATOMAS UNIFIED,410.9,34503,68832,89038,61462,Natomas Unified
San Mateo,REDWOOD CITY ELEMENTARY,412.2,46777,72410,91036,71567,Redwood City Elementary
Yolo,DAVIS JOINT UNIFIED,412.26,37305,64865,79525,59425,Davis Joint Unified
San Bernardino,MORONGO UNIFIED,413,46327,74100,90536,72493,Morongo Unified
Orange,OCEAN VIEW ELEMENTARY,416.03,38044,78140,93741,75222,Ocean View Elementary
Santa Barbara,LOMPOC UNIFIED,416.25,44931,71939,88932,68187,Lompoc Unified
Stanislaus,SYLVAN UNION ELEMENTARY,416.7,43025,69795,91321,68474,Sylvan Union Elementary
Sonoma,PETALUMA CITY SCHOOLS,417.6,40555,65957,78665,63684,Petaluma City Schools
Contra Costa,BRENTWOOD UNION ELEMENTARY,424.48,47140,78587,90718,74122,Brentwood Union Elementary
Los Angeles,SAUGUS UNION ELEMENTARY,427.2,42461,79884,90931,76924,Saugus Union Elementary
Santa Clara,FRANKLIN-MCKINLEY ELEMENTARY,427.3,47266,80675,95546,81708,Franklin-Mckinley Elementary
San Luis Obispo,SAN LUIS COASTAL UNIFIED,427.9,45151,73247,94874,67440,San Luis Coastal Unified
Yuba,MARYSVILLE JOINT UNIFIED,430.5,44786,66963,92019,63859,Marysville Joint Unified
Alameda,SAN LEANDRO UNIFIED,432.19,55852,83516,101967,77121,San Leandro Unified
Los Angeles,HAWTHORNE ELEMENTARY,433,44807,75751,94742,76950,Hawthorne Elementary
Riverside,MENIFEE UNION ELEMENTARY,436.3,38905,74912,87239,68716,Menifee Union Elementary
Los Angeles,WEST COVINA UNIFIED,438,44130,70256,88386,71435,West Covina Unified
Alameda,CASTRO VALLEY UNIFIED,440.59,47970,75646,95085,74167,Castro Valley Unified
Los Angeles,REDONDO BEACH UNIFIED,440.6,50286,75718,90293,75061,Redondo Beach Unified
San Mateo,SOUTH SAN FRANCISCO UNIFIED,442.38,46534,65722,86690,68422,South San Francisco Unified
Fresno,KINGS CANYON JOINT UNIFIED,448.84,41226,65950,87702,62173,Kings Canyon Joint Unified
Placer,ROSEVILLE JOINT UNION HIGH,452.5,46766,77901,94103,71847,Roseville Joint Union High
San Bernardino,UPLAND UNIFIED,456.7,38813,75712,90082,69514,Upland Unified
Tulare,TULARE CITY ELEMENTARY,460.9,48207,74828,88458,74941,Tulare City Elementary
San Diego,CARLSBAD UNIFIED,462.28,42723,76146,97067,71561,Carlsbad Unified
Monterey,MONTEREY PENINSULA UNIFIED,465,41094,62369,89157,60192,Monterey Peninsula Unified
Merced,MERCED CITY ELEMENTARY,465.78,44596,79677,90520,74585,Merced City Elementary
San Joaquin,LINCOLN UNIFIED,467.75,46129,67953,87096,65548,Lincoln Unified
Placer,ROSEVILLE CITY ELEMENTARY,468.65,39156,77140,88972,76417,Roseville City Elementary
Alameda,DUBLIN UNIFIED,469.1,58490,80132,100349,84565,Dublin Unified
San Mateo,SAN MATEO UNION HIGH,471.2,57081,93795,108452,92079,San Mateo Union High
Santa Clara,MILPITAS UNIFIED,476.4,53575,80570,102661,84320,Milpitas Unified
Alameda,ALAMEDA UNIFIED,481.72,44015,67845,83930,63339,Alameda Unified
Orange,WESTMINSTER ELEMENTARY,484,40321,78324,95899,77821,Westminster Elementary
Los Angeles,EL MONTE CITY ELEMENTARY,486,45011,78612,93167,74758,El Monte City Elementary
San Bernardino,VICTOR ELEMENTARY,486.24,48022,79839,101217,71958,Victor Elementary
Santa Clara,OAK GROVE ELEMENTARY,496.6,47730,73229,91651,74704,Oak Grove Elementary
Los Angeles,PALOS VERDES PENINSULA UNIFIED,497.74,50187,76242,91799,74015,Palos Verdes Peninsula Unified
Los Angeles,INGLEWOOD UNIFIED,502,39450,66989,77840,66700,Inglewood Unified
Los Angeles,WHITTIER UNION HIGH,505.1,45307,86199,102114,81328,Whittier Union High
Merced,MERCED UNION HIGH,506.1,47291,71538,89838,70218,Merced Union High
Santa Clara,FREMONT UNION HIGH,513.1,55837,85586,104338,87001,Fremont Union High
Santa Clara,GILROY UNIFIED,513.24,48299,72456,90389,71150,Gilroy Unified
San Diego,SAN DIEGUITO UNION HIGH,518.5,42545,79161,99546,79139,San Dieguito Union High
San Mateo,SAN MATEO-FOSTER CITY ELEMENTARY,535.54,47940,71213,90156,70895,San Mateo-Foster City Elementary
San Mateo,SEQUOIA UNION HIGH,539.8,56878,89181,105286,86665,Sequoia Union High
Placer,ROCKLIN UNIFIED,549.38,38217,71152,88295,67516,Rocklin Unified
Orange,FULLERTON JOINT UNION HIGH,551.6,49610,91578,106734,77763,Fullerton Joint Union High
Solano,VACAVILLE UNIFIED,552.99,37887,64610,86481,61420,Vacaville Unified
Yolo,WOODLAND JOINT UNIFIED,558.48,40138,63604,83341,60203,Woodland Joint Unified
Los Angeles,LAS VIRGENES UNIFIED,559.93,42491,72364,89296,70123,Las Virgenes Unified
Fresno,SANGER UNIFIED,568.51,42134,63249,83206,60675,Sanger Unified
Contra Costa,PITTSBURG UNIFIED,568.6,45158,66717,83804,67437,Pittsburg Unified
Los Angeles,COVINA-VALLEY UNIFIED,569.4,44215,79494,95834,76898,Covina-Valley Unified
Los Angeles,WALNUT VALLEY UNIFIED,570.11,44120,79035,99390,71280,Walnut Valley Unified
Orange,FULLERTON ELEMENTARY,573.42,48020,81850,103414,81693,Fullerton Elementary
San Luis Obispo,LUCIA MAR UNIFIED,575.16,42946,63452,83409,61512,Lucia Mar Unified
Santa Clara,EVERGREEN ELEMENTARY,575.9,52537,86588,98623,85013,Evergreen Elementary
San Bernardino,APPLE VALLEY UNIFIED,578,44983,73958,95139,68222,Apple Valley Unified
Stanislaus,CERES UNIFIED,581.4,46949,73217,93687,69761,Ceres Unified
San Diego,LA MESA-SPRING VALLEY ELEMENTARY,586.35,44906,78693,91667,64590,La Mesa-Spring Valley Elementary
Alameda,SAN LORENZO UNIFIED,586.74,48799,74930,96275,71443,San Lorenzo Unified
Santa Clara,ALUM ROCK UNION ELEMENTARY,593.05,48684,74018,88464,75792,Alum Rock Union Elementary
Los Angeles,SANTA MONICA-MALIBU UNIFIED,596.74,46115,75968,92701,68853,Santa Monica-Malibu Unified
Alameda,NEW HAVEN UNIFIED,604.35,47903,88820,109253,85354,New Haven Unified
Solano,VALLEJO CITY UNIFIED,604.9,39259,61264,74756,57812,Vallejo City Unified
Los Angeles,BELLFLOWER UNIFIED,607,46794,73462,87645,71420,Bellflower Unified
Alameda,PLEASANTON UNIFIED,610.54,57327,89522,101990,83191,Pleasanton Unified
San Bernardino,ETIWANDA ELEMENTARY,623.16,46622,77192,98339,72557,Etiwanda Elementary
Los Angeles,LANCASTER ELEMENTARY,624,38998,71577,90592,68826,Lancaster Elementary
Alameda,BERKELEY UNIFIED,624.9,40852,71133,84917,70418,Berkeley Unified
Alameda,LIVERMORE VALLEY JOINT UNIFIED,629.34,38144,72049,85748,70262,Livermore Valley Joint Unified
Stanislaus,TURLOCK UNIFIED,631.5,50378,75122,95486,70984,Turlock Unified
Santa Barbara,SANTA BARBARA UNIFIED,634.69,46665,71865,84716,73826,Santa Barbara Unified
Tulare,PORTERVILLE UNIFIED,640,46592,75802,90879,70374,Porterville Unified
Butte,CHICO UNIFIED,643.63,39698,64053,84541,55362,Chico Unified
Los Angeles,BALDWIN PARK UNIFIED,655.7,44573,82420,94068,68513,Baldwin Park Unified
Orange,HUNTINGTON BEACH UNION HIGH,663.66,52062,86034,110499,88671,Huntington Beach Union High
Los Angeles,ROWLAND UNIFIED,669.4,44796,77333,94458,73548,Rowland Unified
Los Angeles,BURBANK UNIFIED,672.6,44133,76762,92205,72178,Burbank Unified
Los Angeles,LYNWOOD UNIFIED,676,44888,73242,87343,74995,Lynwood Unified
Santa Barbara,SANTA MARIA-BONITA ELEMENTARY,676.55,43949,78953,99334,79592,Santa Maria-Bonita Elementary
Ventura,OXNARD UNION HIGH,679.5,46978,78948,91322,84327,Oxnard Union High
Los Angeles,PARAMOUNT UNIFIED,695.05,48278,78473,93681,72924,Paramount Unified
Fresno,CENTRAL UNIFIED,710.19,42763,67520,81368,61731,Central Unified
Monterey,SALINAS UNION HIGH,712.49,40611,69796,95322,70257,Salinas Union High
San Joaquin,TRACY JOINT UNIFIED,712.8,43264,68082,83843,63770,Tracy Joint Unified
Sutter,YUBA CITY UNIFIED,719.47,40501,64165,83633,64057,Yuba City Unified
Riverside,ALVORD UNIFIED,737,48617,85668,105845,78914,Alvord Unified
San Diego,CAJON VALLEY UNION ELEMENTARY,755.71,38582,73966,95449,70121,Cajon Valley Union Elementary
Ventura,OXNARD ELEMENTARY,765.06,44896,74334,93355,74385,Oxnard Elementary
Santa Clara,SANTA CLARA UNIFIED,778.45,55772,85112,99956,84312,Santa Clara Unified
Los Angeles,PALMDALE ELEMENTARY,779,37935,71737,82275,69045,Palmdale Elementary
Los Angeles,PASADENA UNIFIED,780,41415,69578,85450,60566,Pasadena Unified
Kern,PANAMA-BUENA VISTA UN ELEMENTARY,780.73,43809,67421,82352,64251,Panama-Buena Vista Un Elementary
Ventura,VENTURA UNIFIED,781.41,42919,68275,85603,64259,Ventura Unified
Ventura,SIMI VALLEY UNIFIED,782.6,42015,68764,82168,66135,Simi Valley Unified
San Diego,GROSSMONT UNION HIGH,784.39,43812,75945,91696,73025,Grossmont Union High
Sonoma,SANTA ROSA CITY SCHOOLS,790.7,44278,70046,83810,65943,Santa Rosa City Schools
Los Angeles,ALHAMBRA UNIFIED,795.02,37070,73025,101773,69575,Alhambra Unified
Contra Costa,ANTIOCH UNIFIED,798.9,39282,72849,87581,68937,Antioch Unified
Santa Clara,PALO ALTO UNIFIED,809.51,57563,95811,116234,91635,Palo Alto Unified
Riverside,COACHELLA VALLEY UNIFIED,817,45708,76521,94705,73691,Coachella Valley Unified
Riverside,VAL VERDE UNIFIED,824,46771,75804,92216,75834,Val Verde Unified
Los Angeles,NORWALK-LA MIRADA UNIFIED,838.55,48010,80236,97657,74441,Norwalk-La Mirada Unified
Orange,ANAHEIM ELEMENTARY,841.87,50821,85962,103026,86032,Anaheim Elementary
Los Angeles,WILLIAM S. HART UNION HIGH,853,45577,75163,92178,70840,William S. Hart Union High
Santa Clara,CUPERTINO UNION ELEMENTARY,865.71,54820,78280,103953,80582,Cupertino Union Elementary
San Diego,OCEANSIDE CITY UNIFIED,880.44,41981,76339,93680,71070,Oceanside City Unified
Sacramento,FOLSOM-CORDOVA UNIFIED,881.06,37424,73348,84615,64088,Folsom-Cordova Unified
Riverside,JURUPA UNIFIED,897.3,47766,82263,97008,72317,Jurupa Unified
Ventura,CONEJO VALLEY UNIFIED,898.08,44131,76224,90881,71801,Conejo Valley Unified
San Diego,SAN MARCOS UNIFIED,907.88,35607,68936,90019,71212,San Marcos Unified
Riverside,MURRIETA VALLEY UNIFIED,909.61,44400,82264,100255,73522,Murrieta Valley Unified
Napa,NAPA VALLEY UNIFIED,914.48,50279,72801,91731,70488,Napa Valley Unified
San Bernardino,HESPERIA UNIFIED,918,45290,69949,90580,71772,Hesperia Unified
Orange,TUSTIN UNIFIED,924.82,48196,79250,103485,77747,Tustin Unified
Los Angeles,ABC UNIFIED,925,49269,78191,98215,72328,Abc Unified
Los Angeles,DOWNEY UNIFIED,942.9,52782,88103,108045,82996,Downey Unified
San Bernardino,CHAFFEY UNION HIGH,947.8,44480,88427,105418,80954,Chaffey Union High
Madera,MADERA UNIFIED,952.88,40559,65616,81354,63832,Madera Unified
Los Angeles,HACIENDA LA PUENTE UNIFIED,956,47488,74555,91080,73311,Hacienda La Puente Unified
Los Angeles,ANTELOPE VALLEY UNION HIGH,965.6,38681,72934,96937,70402,Antelope Valley Union High
San Diego,ESCONDIDO UNION ELEMENTARY,967.52,38856,72328,92771,69748,Escondido Union Elementary
Riverside,HEMET UNIFIED,975.2,47694,76186,94889,71781,Hemet Unified
San Bernardino,REDLANDS UNIFIED,976,43473,80558,96912,76873,Redlands Unified
Orange,NEWPORT-MESA UNIFIED,981.9,48300,88376,109231,83007,Newport-Mesa Unified
Solano,FAIRFIELD-SUISUN UNIFIED,985.48,40459,64876,81377,64904,Fairfield-Suisun Unified
Riverside,LAKE ELSINORE UNIFIED,989.52,40223,79489,97127,73796,Lake Elsinore Unified
Los Angeles,TORRANCE UNIFIED,993.01,45919,76851,91300,78560,Torrance Unified
Santa Cruz,PAJARO VALLEY JOINT UNIFIED,1012.97,41882,60690,81338,60104,Pajaro Valley Joint Unified
San Bernardino,COLTON JOINT UNIFIED,1028,45291,75782,92760,71852,Colton Joint Unified
San Diego,VISTA UNIFIED,1055.13,37160,70690,89184,67631,Vista Unified
Riverside,PALM SPRINGS UNIFIED,1071,47031,76546,95389,68694,Palm Springs Unified
Orange,PLACENTIA-YORBA LINDA UNIFIED,1085.62,41884,80592,97416,77650,Placentia-Yorba Linda Unified
Sacramento,TWIN RIVERS UNIFIED,1095.25,41616,71399,88311,54748,Twin Rivers Unified
Alameda,HAYWARD UNIFIED,1095.91,56887,80220,94762,79459,Hayward Unified
San Joaquin,MANTECA UNIFIED,1096.57,46534,70381,86152,66446,Manteca Unified
Los Angeles,GLENDALE UNIFIED,1104.7,43725,74441,90802,67125,Glendale Unified
Santa Clara,EAST SIDE UNION HIGH,1148.3,51847,84725,105058,85132,East Side Union High
Orange,ORANGE UNIFIED,1160.98,43270,78819,100322,74538,Orange Unified
Los Angeles,COMPTON UNIFIED,1161.6,40552,76161,91379,69870,Compton Unified
Los Angeles,MONTEBELLO UNIFIED,1167,44070,83615,100130,77730,Montebello Unified
San Bernardino,RIALTO UNIFIED,1170.8,48296,79084,95696,74113,Rialto Unified
Orange,SADDLEBACK VALLEY UNIFIED,1178.11,30000,80136,98840,73082,Saddleback Valley Unified
San Bernardino,ONTARIO-MONTCLAIR ELEMENTARY,1186.46,44268,82198,94965,78733,Ontario-Montclair Elementary
San Bernardino,CHINO UNIFIED,1204,45894,81554,96096,72057,Chino Unified
Tulare,VISALIA UNIFIED,1206.31,44773,67321,86166,64706,Visalia Unified
Los Angeles,POMONA UNIFIED,1207.7,45380,78415,91854,75723,Pomona Unified
San Diego,CHULA VISTA ELEMENTARY,1210.41,46210,71827,92864,69717,Chula Vista Elementary
Riverside,TEMECULA VALLEY UNIFIED,1219.8,45626,82811,96699,76068,Temecula Valley Unified
Riverside,DESERT SANDS UNIFIED,1229.7,43967,75608,87354,71217,Desert Sands Unified
Orange,ANAHEIM UNION HIGH,1301,49833,90749,104163,90682,Anaheim Union High
Stanislaus,MODESTO CITY SCHOOLS,1384.2,53579,82285,99324,76320,Modesto City Schools
Orange,IRVINE UNIFIED,1387.54,44105,77121,101821,78770,Irvine Unified
Contra Costa,WEST CONTRA COSTA UNIFIED,1393.06,38699,59503,79951,59640,West Contra Costa Unified
San Joaquin,LODI UNIFIED,1434.88,38683,67015,83533,61457,Lodi Unified
San Diego,POWAY UNIFIED,1456.09,45237,77791,97997,79910,Poway Unified
Contra Costa,SAN RAMON VALLEY UNIFIED,1505.13,45407,71080,89053,71484,San Ramon Valley Unified
Riverside,MORENO VALLEY UNIFIED,1531,47943,77108,95891,73636,Moreno Valley Unified
Contra Costa,MT. DIABLO UNIFIED,1564.28,47422,67920,87437,65474,Mt. Diablo Unified
Alameda,FREMONT UNIFIED,1615.29,61063,83968,107024,84043,Fremont Unified
Kern,BAKERSFIELD CITY ELEMENTARY,1622,43313,65456,84190,65296,Bakersfield City Elementary
Fresno,CLOVIS UNIFIED,1627.27,38368,67972,82516,60742,Clovis Unified
Kern,KERN UNION HIGH,1648,45794,72199,98181,65721,Kern Union High
San Diego,SWEETWATER UNION HIGH,1652,42986,79715,96471,73692,Sweetwater Union High
Santa Clara,SAN JOSE UNIFIED,1674,51804,70979,90927,75277,San Jose Unified
San Joaquin,STOCKTON CITY UNIFIED,1680,42226,65674,80927,64239,Stockton City Unified
Riverside,RIVERSIDE UNIFIED,1803.5,51907,81908,100120,76557,Riverside Unified
San Bernardino,FONTANA UNIFIED,1824.85,42339,75070,90039,71350,Fontana Unified
Sacramento,SAN JUAN UNIFIED,1888.96,43196,74317,87219,73948,San Juan Unified
Alameda,OAKLAND UNIFIED,1903.96,42498,58033,76402,58516,Oakland Unified
Orange,GARDEN GROVE UNIFIED,1918.98,53207,89105,103935,86117,Garden Grove Unified
Orange,CAPISTRANO UNIFIED,2012.7,49877,83235,100874,74947,Capistrano Unified
Sacramento,SACRAMENTO CITY UNIFIED,2110.2,40683,67009,87749,53467,Sacramento City Unified
Riverside,CORONA-NORCO UNIFIED,2326.5,57176,89308,106892,86860,Corona-Norco Unified
Orange,SANTA ANA UNIFIED,2524.67,51618,82966,100016,77227,Santa Ana Unified
San Bernardino,SAN BERNARDINO CITY UNIFIED,2646,48186,76890,92326,74675,San Bernardino City Unified
Sacramento,ELK GROVE UNIFIED,3141.96,42073,73322,87906,62389,Elk Grove Unified
Los Angeles,LONG BEACH UNIFIED,3343.49,48265,85062,101246,71759,Long Beach Unified
San Francisco,SAN FRANCISCO UNIFIED,3518.98,41380,65238,83576,66584,San Francisco Unified
Fresno,FRESNO UNIFIED,3570.62,40760,69938,87756,67662,Fresno Unified
San Diego,SAN DIEGO CITY UNIFIED,5633.33,42632,73582,88049,64780,San Diego City Unified
Los Angeles,LOS ANGELES UNIFIED,25688,42207,72495,83703,67417,Los Angeles Unified
Los Angeles,ACTON-AGUA DULCE UNIFIED,Did not submit data,NA,NA,NA,NA,Acton-Agua Dulce Unified
Sonoma,ALEXANDER VALLEY UN ELEMENTARY,Did not submit data,NA,NA,NA,NA,Alexander Valley Un Elementary
Los Angeles,AZUSA UNIFIED,Did not submit data,NA,NA,NA,NA,Azusa Unified
San Bernardino,BAKER VALLEY UNIFIED,Did not submit data,NA,NA,NA,NA,Baker Valley Unified
Shasta,BELLA VISTA ELEMENTARY,Did not submit data,NA,NA,NA,NA,Bella Vista Elementary
Humboldt,BIG LAGOON UNION ELEMENTARY,Did not submit data,NA,NA,NA,NA,Big Lagoon Union Elementary
Siskiyou,BIG SPRINGS UNION ELEMENTARY,Did not submit data,NA,NA,NA,NA,Big Springs Union Elementary
Monterey,BIG SUR UNIFIED,Did not submit data,NA,NA,NA,NA,Big Sur Unified
San Benito,BITTERWATER-TULLY JOINT UNION,Did not submit data,NA,NA,NA,NA,Bitterwater-Tully Joint Union
Kern,BLAKE ELEMENTARY,Did not submit data,NA,NA,NA,NA,Blake Elementary
Siskiyou,BOGUS ELEMENTARY,Did not submit data,NA,NA,NA,NA,Bogus Elementary
Los Angeles,BONITA UNIFIED,Did not submit data,NA,NA,NA,NA,Bonita Unified
San Diego,BORREGO SPRINGS UNIFIED,Did not submit data,NA,NA,NA,NA,Borrego Springs Unified
Monterey,BRADLEY UNION ELEMENTARY,Did not submit data,NA,NA,NA,NA,Bradley Union Elementary
Humboldt,BRIDGEVILLE ELEMENTARY,Did not submit data,NA,NA,NA,NA,Bridgeville Elementary
Sutter,BROWNS ELEMENTARY,Did not submit data,NA,NA,NA,NA,Browns Elementary
Santa Barbara,BUELLTON UNION ELEMENTARY,Did not submit data,NA,NA,NA,NA,Buellton Union Elementary
Trinity,BURNT RANCH ELEMENTARY,Did not submit data,NA,NA,NA,NA,Burnt Ranch Elementary
Fresno,BURREL UNION ELEMENTARY,Did not submit data,NA,NA,NA,NA,Burrel Union Elementary
Siskiyou,BUTTEVILLE UNION ELEMENTARY,Did not submit data,NA,NA,NA,NA,Butteville Union Elementary
Contra Costa,CANYON ELEMENTARY,Did not submit data,NA,NA,NA,NA,Canyon Elementary
Glenn,CAPAY JOINT UNION ELEMENTARY,Did not submit data,NA,NA,NA,NA,Capay Joint Union Elementary
Santa Barbara,CARPINTERIA UNIFIED,Did not submit data,NA,NA,NA,NA,Carpinteria Unified
Shasta,CASCADE UNION ELEMENTARY,Did not submit data,NA,NA,NA,NA,Cascade Union Elementary
Shasta,CASTLE ROCK UNION ELEMENTARY,Did not submit data,NA,NA,NA,NA,Castle Rock Union Elementary
Madera,CHAWANAKEE JOINT UNIFIED,Did not submit data,NA,NA,NA,NA,Chawanakee Joint Unified
Monterey,CHUALAR UNION ELEMENTARY,Did not submit data,NA,NA,NA,NA,Chualar Union Elementary
San Benito,CIENEGA UNION ELEMENTARY,Did not submit data,NA,NA,NA,NA,Cienega Union Elementary
Sonoma,CINNABAR ELEMENTARY,Did not submit data,NA,NA,NA,NA,Cinnabar Elementary
Santa Barbara,COLD SPRING ELEMENTARY,Did not submit data,NA,NA,NA,NA,Cold Spring Elementary
Santa Barbara,COLLEGE ELEMENTARY,Did not submit data,NA,NA,NA,NA,College Elementary
Tehama,CORNING UNION HIGH,Did not submit data,NA,NA,NA,NA,Corning Union High
Humboldt,CUDDEBACK UNION ELEMENTARY,Did not submit data,NA,NA,NA,NA,Cuddeback Union Elementary
San Diego,DEHESA ELEMENTARY,Did not submit data,NA,NA,NA,NA,Dehesa Elementary
Siskiyou,DELPHIC ELEMENTARY,Did not submit data,NA,NA,NA,NA,Delphic Elementary
Kern,DI GIORGIO ELEMENTARY,Did not submit data,NA,NA,NA,NA,Di Giorgio Elementary
Sonoma,DUNHAM ELEMENTARY,Did not submit data,NA,NA,NA,NA,Dunham Elementary
Sutter,EAST NICOLAUS JOINT UNION HIGH,Did not submit data,NA,NA,NA,NA,East Nicolaus Joint Union High
Tehama,ELKINS ELEMENTARY,Did not submit data,NA,NA,NA,NA,Elkins Elementary
Humboldt,FERNDALE UNIFIED,Did not submit data,NA,NA,NA,NA,Ferndale Unified
Humboldt,FIELDBROOK ELEMENTARY,Did not submit data,NA,NA,NA,NA,Fieldbrook Elementary
Siskiyou,FORKS OF SALMON ELEMENTARY,Did not submit data,NA,NA,NA,NA,Forks Of Salmon Elementary
Sonoma,FORT ROSS ELEMENTARY,Did not submit data,NA,NA,NA,NA,Fort Ross Elementary
Shasta,FRENCH GULCH-WHISKEYTOWN ELEMENTARY,Did not submit data,NA,NA,NA,NA,French Gulch-Whiskeytown Elementary
Humboldt,GARFIELD ELEMENTARY,Did not submit data,NA,NA,NA,NA,Garfield Elementary
Glenn,GLENN COUNTY OFFICE OF ED.,Did not submit data,NA,NA,NA,NA,Glenn County Office Of Ed.
El Dorado,GOLD TRAIL UNION ELEMENTARY,Did not submit data,NA,NA,NA,NA,Gold Trail Union Elementary
Los Angeles,GORMAN ELEMENTARY,Did not submit data,NA,NA,NA,NA,Gorman Elementary
Sonoma,GRAVENSTEIN UNION ELEMENTARY,Did not submit data,NA,NA,NA,NA,Gravenstein Union Elementary
Monterey,GRAVES ELEMENTARY,Did not submit data,NA,NA,NA,NA,Graves Elementary
Humboldt,GREEN POINT ELEMENTARY,Did not submit data,NA,NA,NA,NA,Green Point Elementary
Siskiyou,GRENADA ELEMENTARY,Did not submit data,NA,NA,NA,NA,Grenada Elementary
Santa Barbara,GUADALUPE UNION ELEMENTARY,Did not submit data,NA,NA,NA,NA,Guadalupe Union Elementary
Sonoma,GUERNEVILLE ELEMENTARY,Did not submit data,NA,NA,NA,NA,Guerneville Elementary
Siskiyou,HAPPY CAMP UNION ELEMENTARY,Did not submit data,NA,NA,NA,NA,Happy Camp Union Elementary
Shasta,HAPPY VALLEY UNION ELEMENTARY,Did not submit data,NA,NA,NA,NA,Happy Valley Union Elementary
Sonoma,HARMONY UNION ELEMENTARY,Did not submit data,NA,NA,NA,NA,Harmony Union Elementary
Siskiyou,HORNBROOK ELEMENTARY,Did not submit data,NA,NA,NA,NA,Hornbrook Elementary
Tulare,HOT SPRINGS ELEMENTARY,Did not submit data,NA,NA,NA,NA,Hot Springs Elementary
Napa,HOWELL MOUNTAIN ELEMENTARY,Did not submit data,NA,NA,NA,NA,Howell Mountain Elementary
Los Angeles,HUGHES-ELIZABETH LAKES UN ELEMENTARY,Did not submit data,NA,NA,NA,NA,Hughes-Elizabeth Lakes Un Elementary
Humboldt,HYDESVILLE ELEMENTARY,Did not submit data,NA,NA,NA,NA,Hydesville Elementary
El Dorado,INDIAN DIGGINGS ELEMENTARY,Did not submit data,NA,NA,NA,NA,Indian Diggings Elementary
Shasta,INDIAN SPRINGS ELEMENTARY,Did not submit data,NA,NA,NA,NA,Indian Springs Elementary
Kings,ISLAND UNION ELEMENTARY,Did not submit data,NA,NA,NA,NA,Island Union Elementary
San Benito,JEFFERSON ELEMENTARY,Did not submit data,NA,NA,NA,NA,Jefferson Elementary
San Diego,JULIAN UNION ELEMENTARY,Did not submit data,NA,NA,NA,NA,Julian Union Elementary
Trinity,JUNCTION CITY ELEMENTARY,Did not submit data,NA,NA,NA,NA,Junction City Elementary
Shasta,JUNCTION ELEMENTARY,Did not submit data,NA,NA,NA,NA,Junction Elementary
Siskiyou,JUNCTION ELEMENTARY,Did not submit data,NA,NA,NA,NA,Junction Elementary
Sonoma,KASHIA ELEMENTARY,Did not submit data,NA,NA,NA,NA,Kashia Elementary
Sonoma,KENWOOD ELEMENTARY,Did not submit data,NA,NA,NA,NA,Kenwood Elementary
Kings,KINGS RIVER-HARDWICK UN ELEMENTARY,Did not submit data,NA,NA,NA,NA,Kings River-Hardwick Un Elementary
Tehama,KIRKWOOD ELEMENTARY,Did not submit data,NA,NA,NA,NA,Kirkwood Elementary
Kings,KIT CARSON UNION ELEMENTARY,Did not submit data,NA,NA,NA,NA,Kit Carson Union Elementary
Siskiyou,KLAMATH RIVER UNION ELEMENTARY,Did not submit data,NA,NA,NA,NA,Klamath River Union Elementary
Humboldt,KNEELAND ELEMENTARY,Did not submit data,NA,NA,NA,NA,Kneeland Elementary
Monterey,LAGUNITA ELEMENTARY,Did not submit data,NA,NA,NA,NA,Lagunita Elementary
Marin,LAGUNITAS ELEMENTARY,Did not submit data,NA,NA,NA,NA,Lagunitas Elementary
Glenn,LAKE ELEMENTARY,Did not submit data,NA,NA,NA,NA,Lake Elementary
Santa Clara,LAKESIDE JOINT ELEMENTARY,Did not submit data,NA,NA,NA,NA,Lakeside Joint Elementary
Kern,LAKESIDE UNION ELEMENTARY,Did not submit data,NA,NA,NA,NA,Lakeside Union Elementary
Tehama,LASSEN VIEW UNION ELEMENTARY,Did not submit data,NA,NA,NA,NA,Lassen View Union Elementary
El Dorado,LATROBE ELEMENTARY,Did not submit data,NA,NA,NA,NA,Latrobe Elementary
Merced,LE GRAND UNION HIGH,Did not submit data,NA,NA,NA,NA,Le Grand Union High
Trinity,LEWISTON ELEMENTARY,Did not submit data,NA,NA,NA,NA,Lewiston Elementary
Sonoma,LIBERTY ELEMENTARY,Did not submit data,NA,NA,NA,NA,Liberty Elementary
Kern,LINNS VALLEY-POSO FLAT UN ELEM.,Did not submit data,NA,NA,NA,NA,Linns Valley-Poso Flat Un Elem.
Inyo,LONE PINE UNIFIED,Did not submit data,NA,NA,NA,NA,Lone Pine Unified
Los Angeles,LOS ANGELES COUNTY OFFICE OF ED.,Did not submit data,NA,NA,NA,NA,Los Angeles County Office Of Ed.
Los Angeles,LOS NIETOS ELEMENTARY,Did not submit data,NA,NA,NA,NA,Los Nietos Elementary
Imperial,MAGNOLIA UNION ELEMENTARY,Did not submit data,NA,NA,NA,NA,Magnolia Union Elementary
Mendocino,MANCHESTER UNION ELEMENTARY,Did not submit data,NA,NA,NA,NA,Manchester Union Elementary
Butte,MANZANITA ELEMENTARY,Did not submit data,NA,NA,NA,NA,Manzanita Elementary
Humboldt,MAPLE CREEK ELEMENTARY,Did not submit data,NA,NA,NA,NA,Maple Creek Elementary
Kern,MAPLE ELEMENTARY,Did not submit data,NA,NA,NA,NA,Maple Elementary
Kern,MARICOPA UNIFIED,Did not submit data,NA,NA,NA,NA,Maricopa Unified
Marin,MARIN COUNTY OFFICE OF ED.,Did not submit data,NA,NA,NA,NA,Marin County Office Of Ed.
Colusa,MAXWELL UNIFIED,Did not submit data,NA,NA,NA,NA,Maxwell Unified
Humboldt,MCKINLEYVILLE UNION ELEMENTARY,Did not submit data,NA,NA,NA,NA,Mckinleyville Union Elementary
Kern,MCKITTRICK ELEMENTARY,Did not submit data,NA,NA,NA,NA,Mckittrick Elementary
Sutter,MERIDIAN ELEMENTARY,Did not submit data,NA,NA,NA,NA,Meridian Elementary
Shasta,MILLVILLE ELEMENTARY,Did not submit data,NA,NA,NA,NA,Millville Elementary
Monterey,MISSION UNION ELEMENTARY,Did not submit data,NA,NA,NA,NA,Mission Union Elementary
Fresno,MONROE ELEMENTARY,Did not submit data,NA,NA,NA,NA,Monroe Elementary
Siskiyou,MONTAGUE ELEMENTARY,Did not submit data,NA,NA,NA,NA,Montague Elementary
Sonoma,MONTE RIO UNION ELEMENTARY,Did not submit data,NA,NA,NA,NA,Monte Rio Union Elementary
Sonoma,MONTGOMERY ELEMENTARY,Did not submit data,NA,NA,NA,NA,Montgomery Elementary
Santa Cruz,MOUNTAIN ELEMENTARY,Did not submit data,NA,NA,NA,NA,Mountain Elementary
Alameda,MOUNTAIN HOUSE ELEMENTARY,Did not submit data,NA,NA,NA,NA,Mountain House Elementary
Shasta,MOUNTAIN UNION ELEMENTARY,Did not submit data,NA,NA,NA,NA,Mountain Union Elementary
San Bernardino,MT. BALDY JOINT ELEMENTARY,Did not submit data,NA,NA,NA,NA,Mt. Baldy Joint Elementary
Napa,NAPA COUNTY OFFICE OF ED.,Did not submit data,NA,NA,NA,NA,Napa County Office Of Ed.
Kern,NORRIS ELEMENTARY,Did not submit data,NA,NA,NA,NA,Norris Elementary
Shasta,NORTH COW CREEK ELEMENTARY,Did not submit data,NA,NA,NA,NA,North Cow Creek Elementary
Humboldt,NORTHERN HUMBOLDT UNION HIGH,Did not submit data,NA,NA,NA,NA,Northern Humboldt Union High
Sonoma,OAK GROVE UNION ELEMENTARY,Did not submit data,NA,NA,NA,NA,Oak Grove Union Elementary
Shasta,OAK RUN ELEMENTARY,Did not submit data,NA,NA,NA,NA,Oak Run Elementary
Fresno,ORANGE CENTER ELEMENTARY,Did not submit data,NA,NA,NA,NA,Orange Center Elementary
Humboldt,ORICK ELEMENTARY,Did not submit data,NA,NA,NA,NA,Orick Elementary
San Bernardino,ORO GRANDE ELEMENTARY,Did not submit data,NA,NA,NA,NA,Oro Grande Elementary
Santa Cruz,PACIFIC ELEMENTARY,Did not submit data,NA,NA,NA,NA,Pacific Elementary
Fresno,PACIFIC UNION ELEMENTARY,Did not submit data,NA,NA,NA,NA,Pacific Union Elementary
San Benito,PANOCHE ELEMENTARY,Did not submit data,NA,NA,NA,NA,Panoche Elementary
Stanislaus,PARADISE ELEMENTARY,Did not submit data,NA,NA,NA,NA,Paradise Elementary
Humboldt,PENINSULA UNION ELEMENTARY,Did not submit data,NA,NA,NA,NA,Peninsula Union Elementary
Fresno,PINE RIDGE ELEMENTARY,Did not submit data,NA,NA,NA,NA,Pine Ridge Elementary
Butte,PIONEER UNION ELEMENTARY,Did not submit data,NA,NA,NA,NA,Pioneer Union Elementary
Glenn,PLAZA ELEMENTARY,Did not submit data,NA,NA,NA,NA,Plaza Elementary
Kern,POND UNION ELEMENTARY,Did not submit data,NA,NA,NA,NA,Pond Union Elementary
Napa,POPE VALLEY UNION ELEMENTARY,Did not submit data,NA,NA,NA,NA,Pope Valley Union Elementary
San Mateo,PORTOLA VALLEY ELEMENTARY,Did not submit data,NA,NA,NA,NA,Portola Valley Elementary
Glenn,PRINCETON JOINT UNIFIED,Did not submit data,NA,NA,NA,NA,Princeton Joint Unified
Lassen,RAVENDALE ELEMENTARY,Did not submit data,NA,NA,NA,NA,Ravendale Elementary
Tehama,REEDS CREEK ELEMENTARY,Did not submit data,NA,NA,NA,NA,Reeds Creek Elementary
Riverside,RIVERSIDE COUNTY OFFICE OF ED.,Did not submit data,NA,NA,NA,NA,Riverside County Office Of Ed.
Stanislaus,ROBERTS FERRY UNION ELEMENTARY,Did not submit data,NA,NA,NA,NA,Roberts Ferry Union Elementary
Monterey,SAN ARDO UNION ELEMENTARY,Did not submit data,NA,NA,NA,NA,San Ardo Union Elementary
San Benito,SAN BENITO COUNTY OFFICE OF ED.,Did not submit data,NA,NA,NA,NA,San Benito County Office Of Ed.
Los Angeles,SAN GABRIEL UNIFIED,Did not submit data,NA,NA,NA,NA,San Gabriel Unified
Marin,SAN RAFAEL CITY ELEMENTARY,Did not submit data,NA,NA,NA,NA,San Rafael City Elementary
Marin,SAN RAFAEL CITY HIGH,Did not submit data,NA,NA,NA,NA,San Rafael City High
Santa Cruz,SANTA CRUZ CITY SCHOOLS,Did not submit data,NA,NA,NA,NA,Santa Cruz City Schools
Ventura,SANTA PAULA HIGH,Did not submit data,NA,NA,NA,NA,Santa Paula High
Santa Cruz,SCOTTS VALLEY UNIFIED,Did not submit data,NA,NA,NA,NA,Scotts Valley Unified
Siskiyou,SEIAD ELEMENTARY,Did not submit data,NA,NA,NA,NA,Seiad Elementary
Fresno,SELMA UNIFIED,Did not submit data,NA,NA,NA,NA,Selma Unified
Kern,SEMITROPIC ELEMENTARY,Did not submit data,NA,NA,NA,NA,Semitropic Elementary
Shasta,SHASTA COUNTY OFFICE OF ED.,Did not submit data,NA,NA,NA,NA,Shasta County Office Of Ed.
Marin,SHORELINE UNIFIED,Did not submit data,NA,NA,NA,NA,Shoreline Unified
Merced,SNELLING-MERCED FALLS UN ELEMENTARY,Did not submit data,NA,NA,NA,NA,Snelling-Merced Falls Un Elementary
Solano,SOLANO COUNTY OFFICE OF ED.,Did not submit data,NA,NA,NA,NA,Solano County Office Of Ed.
San Benito,SOUTHSIDE ELEMENTARY,Did not submit data,NA,NA,NA,NA,Southside Elementary
San Diego,SPENCER VALLEY ELEMENTARY,Did not submit data,NA,NA,NA,NA,Spencer Valley Elementary
Glenn,STONY CREEK JOINT UNIFIED,Did not submit data,NA,NA,NA,NA,Stony Creek Joint Unified
Tuolumne,SUMMERVILLE ELEMENTARY,Did not submit data,NA,NA,NA,NA,Summerville Elementary
Alameda,SUNOL GLEN UNIFIED,Did not submit data,NA,NA,NA,NA,Sunol Glen Unified
San Benito,TRES PINOS UNION ELEMENTARY,Did not submit data,NA,NA,NA,NA,Tres Pinos Union Elementary
Humboldt,TRINIDAD UNION ELEMENTARY,Did not submit data,NA,NA,NA,NA,Trinidad Union Elementary
Trinity,TRINITY CENTER ELEMENTARY,Did not submit data,NA,NA,NA,NA,Trinity Center Elementary
Sonoma,TWO ROCK UNION ELEMENTARY,Did not submit data,NA,NA,NA,NA,Two Rock Union Elementary
Lake,UPPER LAKE UNION HIGH,Did not submit data,NA,NA,NA,NA,Upper Lake Union High
Los Angeles,VALLE LINDO ELEMENTARY,Did not submit data,NA,NA,NA,NA,Valle Lindo Elementary
San Diego,VALLECITOS ELEMENTARY,Did not submit data,NA,NA,NA,NA,Vallecitos Elementary
Kern,VINELAND ELEMENTARY,Did not submit data,NA,NA,NA,NA,Vineland Elementary
San Diego,WARNER UNIFIED,Did not submit data,NA,NA,NA,NA,Warner Unified
Fresno,WASHINGTON COLONY ELEMENTARY,Did not submit data,NA,NA,NA,NA,Washington Colony Elementary
Sonoma,WEST SIDE UNION ELEMENTARY,Did not submit data,NA,NA,NA,NA,West Side Union Elementary
Yuba,WHEATLAND HIGH ,Did not submit data,NA,NA,NA,NA,Wheatland High
Shasta,WHITMORE UNION ELEMENTARY,Did not submit data,NA,NA,NA,NA,Whitmore Union Elementary
Siskiyou,WILLOW CREEK ELEMENTARY,Did not submit data,NA,NA,NA,NA,Willow Creek Elementary
San Benito,WILLOW GROVE UNION ELEMENTARY,Did not submit data,NA,NA,NA,NA,Willow Grove Union Elementary
Sonoma,WINDSOR UNIFIED,Did not submit data,NA,NA,NA,NA,Windsor Unified
Sutter,WINSHIP-ROBBINS ELEMENTARY,Did not submit data,NA,NA,NA,NA,Winship-Robbins Elementary
Alpine,ALPINE COUNTY OFFICE OF ED.,NA,43800,61038,72543,55533,Alpine County Office Of Ed.
Amador,AMADOR COUNTY OFFICE OF ED.,NA,41893,64807,79531,60376,Amador County Office Of Ed.
Del Norte,DEL NORTE COUNTY OFFICE OF ED.,NA,41602,62872,77384,63093,Del Norte County Office Of Ed.
Plumas,PLUMAS COUNTY OFFICE OF ED.,NA,41819,54930,83271,58650,Plumas County Office Of Ed.
San Francisco,SAN FRANCISCO CO. OFFICE OF ED.,NA,41380,65238,83576,66584,San Francisco Co. Office Of Ed.
Sierra,SIERRA COUNTY OFFICE OF ED.,NA,34346,58162,74075,52425,Sierra County Office Of Ed.
